time,movement,noise,screen
1771408618284,10.342023,0,1
1771408623291,10.261558,0,1
1771408628295,10.356699,0,1
1771408633300,10.281374,0,1
1771408638303,10.245422,0,1
1771408643307,10.301807,0,1
1771408648310,10.243072,0,1
1771408650426,10.3019085,0,1
1771408653314,10.27874,0,1
1771408655429,10.26173,0,1
1771408658317,10.222458,0,1
1771408660432,10.322304,0,1
1771408663321,10.264392,0,1
1771408665434,10.358996,0,1
1771408668324,10.265131,0,1
1771408670438,10.3200655,0,1
1771408673328,10.282753,0,1
1771408675442,10.261137,0,1
1771408678332,10.226419,0,1
1771408680449,10.2620945,0,1
1771408683335,10.261451,0,1
1771408685453,10.279346,0,1
1771408688339,10.262965,0,1
1771408690457,10.283489,0,1
1771408693343,10.321534,0,1
1771408695460,10.243943,0,1
1771408698346,10.323085,0,1
1771408700463,10.285001,0,1
1771408703349,10.262123,0,1
1771408705469,10.239568,0,1
1771408708352,10.241054,0,1
1771408710475,10.201275,0,1
1771408713354,10.299769,0,1
1771408715478,10.3004,0,1
1771408718356,10.298787,0,1
1771408720484,10.358059,0,1
1771408723359,10.296551,0,1
1771408725487,10.320094,0,1
1771408728361,10.299769,0,1
1771408730491,10.301112,0,1
1771408733365,10.285203,0,1
1771408735494,10.260818,0,1
1771408738368,10.282045,0,1
1771408740499,10.285048,0,1
1771408743372,10.262165,0,1
1771408745502,10.340405,0,1
1771408748376,9.932366,0,1
1771408750507,9.861334,0,1
1771408753377,9.9389,0,1
1771408755511,9.813067,0,1
1771408758381,9.874853,0,1
1771408760514,9.836783,0,1
1771408763384,9.867796,0,1
1771408765519,9.847494,0,1
1771408768387,12.838919,0,1
1771408770524,10.243833,0,1
1771408773399,9.917805,0,1
1771408790997,10.204423,0,1
1771408796002,11.637732,0,1
1771408801006,6.946517,0,1
1771408806011,20.621914,0,1
1771408811014,11.294772,0,1
1771408816017,8.066923,0,0
1771408821019,10.867886,0,0
1771408826022,11.180184,0,0
1771408831025,10.241054,0,0
1771408836029,10.203149,0,0
1771408841034,10.260714,0,0
1771408846039,10.277618,0,0
1771408851043,10.262863,0,0
1771408856046,10.282255,0,0
1771408861050,10.260714,0,0
1771408866054,10.222141,0,0
1771408871057,10.26219,0,0
1771408876063,10.335092,0,0
1771408881070,10.335092,0,0
1771408886080,10.335092,0,0
1771408891090,10.335092,0,0
1771408896099,10.335092,0,0
1771408901109,10.335092,0,0
1771408906119,10.335092,0,0
1771408911122,10.335092,0,1
1771408916128,10.335092,0,1
time,movement,noise,screen
1771409073716,10.652718,0,1
1771409073726,10.551696,0,1
1771409073743,10.622876,0,1
1771409073758,10.510045,0,1
1771409073774,10.595833,0,1
1771409073790,10.679712,0,1
1771409073806,10.727469,0,1
1771409073822,10.6661625,0,1
1771409073838,10.725919,0,1
1771409073854,10.766772,0,1
1771409073870,10.875108,0,1
1771409073886,10.868616,0,1
1771409073901,10.927416,0,1
1771409073917,10.816016,0,1
1771409073934,10.890453,0,1
1771409073950,10.762817,0,1
1771409073966,10.7310915,0,1
1771409073982,10.71525,0,1
1771409073997,11.075222,0,1
1771409074015,10.599255,0,1
1771409074031,10.819632,0,1
1771409074046,10.658694,0,1
1771409074063,10.677688,0,1
1771409074079,10.574605,0,1
1771409074094,10.447399,0,1
1771409074110,10.315184,0,1
1771409074126,10.608024,0,1
1771409074142,10.517854,0,1
1771409074161,10.584763,0,1
1771409074177,11.184529,0,1
1771409074192,12.308538,0,1
1771409074209,13.075438,0,1
1771409074226,13.697181,0,1
1771409074242,12.940967,0,1
1771409074259,12.465814,0,1
1771409074274,11.360728,0,1
1771409074291,10.226064,0,1
1771409074309,10.493819,0,1
1771409074327,10.608941,0,1
1771409074340,10.6236725,0,1
1771409074356,10.248646,0,1
1771409074371,10.291852,0,1
1771409074389,10.253702,0,1
1771409074403,9.540165,0,1
1771409074421,9.332427,0,1
1771409074435,9.448672,0,1
1771409074451,9.247058,0,1
1771409074468,7.6816025,0,1
1771409074485,7.094861,0,1
1771409074501,7.147365,0,1
1771409074514,7.0832334,0,1
1771409074530,9.021721,0,1
1771409074546,13.135593,0,1
1771409074561,16.560091,0,1
1771409074580,17.805796,0,1
1771409074591,16.728924,0,1
1771409074609,15.493488,0,1
1771409074625,16.06874,0,1
1771409074641,16.21002,0,1
1771409074658,14.335033,0,1
1771409074674,11.101948,0,1
1771409074691,9.252727,0,1
1771409074707,8.251707,0,1
1771409074723,7.4851985,0,1
1771409074739,6.596104,0,1
1771409074756,10.7974615,0,1
1771409074772,19.05879,0,1
1771409074788,24.250908,0,1
1771409074804,24.131756,0,1
1771409074821,21.29311,0,1
1771409074837,16.449966,0,1
1771409074854,11.242886,0,1
1771409074869,6.072108,0,1
1771409074884,5.5580144,0,1
1771409074902,12.110611,0,1
1771409074917,20.367275,0,1
1771409074931,24.616297,0,1
1771409074947,24.730999,0,1
1771409074964,21.708439,0,1
1771409074981,16.83583,0,1
1771409074999,10.151377,0,1
1771409075012,3.3698003,0,1
1771409075029,5.3781343,0,1
1771409075047,13.513907,0,1
1771409075061,21.893497,0,1
1771409075076,28.500315,0,1
1771409075092,31.634443,0,1
1771409075109,31.277435,0,1
1771409075126,27.688564,0,1
1771409075141,22.169434,0,1
1771409075158,15.70353,0,1
1771409075173,7.289519,0,1
1771409075189,11.080395,0,1
1771409075206,27.61534,0,1
1771409075222,40.295994,0,1
1771409075237,40.898388,0,1
1771409075253,33.4609,0,1
1771409075270,20.72146,0,1
1771409075285,7.69941,0,1
1771409075302,10.203861,0,1
1771409075317,25.735321,0,1
1771409075333,38.784225,0,1
1771409075349,38.66286,0,1
1771409075366,38.588295,0,1
1771409075381,36.64627,0,1
1771409075398,27.449635,0,1
1771409075414,18.174683,0,1
1771409075428,8.267723,0,1
1771409075444,14.727256,0,1
1771409075459,31.508984,0,1
1771409075475,40.188908,0,1
1771409075490,40.397114,0,1
1771409075505,30.788774,0,1
1771409075520,16.80775,0,1
1771409075537,7.490657,0,1
1771409075554,16.961031,0,1
1771409075571,26.820938,0,1
1771409075588,36.294983,0,1
1771409075605,38.44362,0,1
1771409075621,37.066135,0,1
1771409075632,26.721643,0,1
1771409075647,16.879158,0,1
1771409075664,10.900537,0,1
1771409075680,6.6654105,0,1
1771409075697,5.0829716,0,1
1771409075713,8.069595,0,1
1771409075731,15.19609,0,1
1771409075745,22.228199,0,1
1771409075762,25.235739,0,1
1771409075778,26.893911,0,1
1771409075794,11.20604,0,1
1771409075809,17.063835,0,1
1771409075826,38.22582,0,1
1771409075843,45.95375,0,1
1771409075859,49.21324,0,1
1771409075874,46.461586,0,1
1771409075890,29.606493,0,1
1771409075906,14.221029,0,1
1771409075922,4.2034206,0,1
1771409075935,6.1616316,0,1
1771409075951,15.267735,0,1
1771409075970,24.945942,0,1
1771409075986,28.835243,0,1
1771409076002,26.09285,0,1
1771409076018,15.132768,0,1
1771409076034,11.880431,0,1
1771409076051,23.12591,0,1
1771409076066,34.869305,0,1
1771409076082,45.546593,0,1
1771409076098,49.544456,0,1
1771409076114,44.01573,0,1
1771409076130,31.112103,0,1
1771409076146,17.166191,0,1
1771409076165,5.106928,0,1
1771409076178,5.5808315,0,1
1771409076194,12.678662,0,1
1771409076210,17.02178,0,1
1771409076227,20.416924,0,1
1771409076243,21.424559,0,1
1771409076258,20.599977,0,1
1771409076276,15.7300625,0,1
1771409076290,4.9226294,0,1
1771409076307,14.508895,0,1
1771409076323,31.29683,0,1
1771409076340,44.176746,0,1
1771409076355,46.702637,0,1
1771409076371,46.76773,0,1
1771409076387,36.77848,0,1
1771409076402,22.400953,0,1
1771409076419,9.7366905,0,1
1771409076432,3.7195044,0,1
1771409076449,10.6213875,0,1
1771409076467,16.6009,0,1
1771409076484,19.676208,0,1
1771409076500,21.88037,0,1
1771409076515,20.979826,0,1
1771409076532,10.231405,0,1
1771409076547,7.8214116,0,1
1771409076564,22.540428,0,1
1771409076580,36.863396,0,1
1771409076596,45.337925,0,1
1771409076612,44.341503,0,1
1771409076628,33.483017,0,1
1771409076643,21.37931,0,1
1771409076659,10.446737,0,1
1771409076675,0.45554805,0,1
1771409076692,8.857285,0,1
1771409076708,16.217827,0,1
1771409076723,20.751183,0,1
1771409076740,22.259691,0,1
1771409076756,21.483418,0,1
1771409076772,15.224039,0,1
1771409076788,3.2823293,0,1
1771409076803,13.42326,0,1
1771409076819,27.642906,0,1
1771409076835,40.673843,0,1
1771409076852,46.404533,0,1
1771409076867,41.54872,0,1
1771409076884,30.92836,0,1
1771409076900,19.495533,0,1
1771409076916,9.308128,0,1
1771409076930,4.155581,0,1
1771409076945,7.4716854,0,1
1771409076963,10.325064,0,1
1771409076980,10.32701,0,1
1771409076995,7.500761,0,1
1771409077012,3.001288,0,1
1771409077028,3.6214519,0,1
1771409077044,9.607113,0,1
1771409077060,16.017862,0,1
1771409077076,19.976513,0,1
1771409077092,20.561316,0,1
1771409077108,19.892048,0,1
1771409077124,17.618862,0,1
1771409077139,14.607407,0,1
1771409077156,12.287673,0,1
1771409077171,10.6542425,0,1
1771409077187,9.75738,0,1
1771409077204,9.2557335,0,1
1771409077220,8.574132,0,1
1771409077235,7.7116337,0,1
1771409077252,7.2288303,0,1
1771409077266,7.743375,0,1
1771409077283,8.641172,0,1
1771409077301,9.132353,0,1
1771409077317,9.516945,0,1
1771409077331,10.97469,0,1
1771409077347,12.534927,0,1
1771409077364,13.11844,0,1
1771409077381,12.609403,0,1
1771409077397,12.690059,0,1
1771409077411,12.840107,0,1
1771409077427,12.587231,0,1
1771409077442,12.151463,0,1
1771409077461,11.668002,0,1
1771409077476,11.057712,0,1
1771409077492,10.632914,0,1
1771409077509,10.186614,0,1
1771409077523,9.619227,0,1
1771409077539,9.345228,0,1
1771409077554,8.99586,0,1
1771409077572,9.247032,0,1
1771409077589,9.85717,0,1
1771409077604,10.392453,0,1
1771409077620,10.407663,0,1
1771409077636,10.338824,0,1
1771409077653,10.425183,0,1
1771409077668,10.354189,0,1
1771409077684,10.400212,0,1
1771409077701,10.6774645,0,1
1771409077717,10.906762,0,1
1771409077733,11.167568,0,1
1771409077750,11.261758,0,1
1771409077766,11.195023,0,1
1771409077782,11.091979,0,1
1771409077797,10.969834,0,1
1771409077813,10.934158,0,1
1771409077830,10.700676,0,1
1771409077844,10.673244,0,1
1771409077860,10.40884,0,1
1771409077875,10.387686,0,1
1771409077892,10.562914,0,1
1771409077909,10.492694,0,1
1771409077925,10.259927,0,1
1771409077939,10.096625,0,1
1771409077955,9.9452715,0,1
1771409077972,9.924744,0,1
1771409077990,10.10249,0,1
1771409078005,10.248017,0,1
1771409078021,10.348892,0,1
1771409078038,10.419317,0,1
1771409078054,10.606019,0,1
1771409078068,10.740297,0,1
1771409078085,10.716011,0,1
1771409078102,10.825735,0,1
1771409078117,10.810151,0,1
1771409078133,10.797628,0,1
1771409078150,10.909891,0,1
1771409078166,10.7177925,0,1
1771409078181,10.795605,0,1
1771409078196,11.024967,0,1
1771409078213,11.182845,0,1
1771409078229,11.835901,0,1
1771409078246,12.808294,0,1
1771409078262,13.737463,0,1
1771409078276,13.65628,0,1
1771409078294,13.307926,0,1
1771409078310,12.700859,0,1
1771409078326,12.403227,0,1
1771409078341,11.54072,0,1
1771409078358,12.280912,0,1
1771409078373,15.387837,0,1
1771409078389,18.006079,0,1
1771409078406,18.58127,0,1
1771409078421,16.504175,0,1
1771409078435,12.045253,0,1
1771409078451,4.7922845,0,1
1771409078470,9.066127,0,1
1771409078486,22.420118,0,1
1771409078502,31.293253,0,1
1771409078517,31.33363,0,1
1771409078534,25.431425,0,1
1771409078549,17.223736,0,1
1771409078566,8.502202,0,1
1771409078581,5.9408064,0,1
1771409078597,13.140442,0,1
1771409078614,17.905323,0,1
1771409078629,20.60955,0,1
1771409078644,23.049393,0,1
1771409078661,23.972658,0,1
1771409078677,22.694904,0,1
1771409078692,17.2299,0,1
1771409078708,4.720903,0,1
1771409078725,16.647345,0,1
1771409078741,36.081356,0,1
1771409078757,44.999416,0,1
1771409078774,45.728115,0,1
1771409078789,35.960922,0,1
1771409078805,22.017572,0,1
1771409078822,11.656249,0,1
1771409078838,8.092332,0,1
1771409078853,10.974956,0,1
1771409078870,13.780022,0,1
1771409078886,15.385583,0,1
1771409078903,14.607559,0,1
1771409078918,10.321066,0,1
1771409078932,3.19962,0,1
1771409078947,5.147842,0,1
1771409078965,11.656517,0,1
1771409078982,17.110424,0,1
1771409078999,21.383621,0,1
1771409079015,24.14845,0,1
1771409079030,24.077732,0,1
1771409079046,20.154652,0,1
1771409079063,14.802242,0,1
1771409079079,10.8270645,0,1
1771409079093,8.541104,0,1
1771409079111,7.535857,0,1
1771409079127,7.0938272,0,1
1771409079139,7.002215,0,1
1771409079156,6.9221363,0,1
1771409079171,7.2293463,0,1
1771409079188,7.9132214,0,1
1771409079204,10.013038,0,1
1771409079220,12.306074,0,1
1771409079236,13.068496,0,1
1771409079252,12.539165,0,1
1771409079269,12.512533,0,1
1771409079283,12.3682,0,1
1771409079299,12.07268,0,1
1771409079314,11.439749,0,1
1771409079332,10.8363,0,1
1771409079348,10.7856045,0,1
1771409079363,10.4527855,0,1
1771409079380,9.9665365,0,1
1771409079395,9.249166,0,1
1771409079412,9.498522,0,1
1771409079428,9.789666,0,1
1771409079444,9.809266,0,1
1771409079460,10.407414,0,1
1771409079476,11.034207,0,1
1771409079492,12.027138,0,1
1771409079508,12.245177,0,1
1771409079524,12.136862,0,1
1771409079540,11.719641,0,1
1771409079556,11.143779,0,1
1771409079571,10.658803,0,1
1771409079588,10.290484,0,1
1771409079603,10.2512865,0,1
1771409079618,9.860005,0,1
1771409079634,9.796121,0,1
1771409079650,9.786519,0,1
1771409079668,9.951449,0,1
1771409079682,10.202963,0,1
1771409079698,10.401978,0,1
1771409079715,10.769489,0,1
1771409079731,10.906903,0,1
1771409079747,10.823172,0,1
1771409079765,10.814752,0,1
1771409079781,10.736528,0,1
1771409079796,10.748615,0,1
1771409079813,10.716056,0,1
1771409079829,10.821088,0,1
1771409079845,10.732484,0,1
1771409079860,10.622982,0,1
1771409079878,10.2929535,0,1
1771409079894,10.31325,0,1
1771409079909,10.592994,0,1
1771409079925,10.775773,0,1
1771409079940,10.825617,0,1
1771409079956,10.932716,0,1
1771409079975,11.2461605,0,1
1771409079989,11.590835,0,1
1771409080005,12.010768,0,1
1771409080035,12.109979,0,1
1771409080037,12.999345,0,1
1771409080052,16.441383,0,1
1771409080094,20.213364,0,1
1771409080095,22.833164,0,1
1771409080106,21.978617,0,1
1771409080115,17.064493,0,1
1771409080132,10.867875,0,1
1771409080147,6.4333763,0,1
1771409080163,8.296422,0,1
1771409080179,15.7619915,0,1
1771409080195,24.995522,0,1
1771409080211,31.894382,0,1
1771409080228,34.86449,0,1
1771409080246,31.412756,0,1
1771409080279,25.132336,0,1
1771409080282,17.40432,0,1
1771409080293,10.475882,0,1
1771409080308,4.4113784,0,1
1771409080328,11.968731,0,1
1771409080341,22.303112,0,1
1771409080356,30.732092,0,1
1771409080372,31.568281,0,1
1771409080389,26.775578,0,1
1771409080405,20.009724,0,1
1771409080426,12.299356,0,1
1771409080437,7.212513,0,1
1771409080453,9.039495,0,1
1771409080469,14.419533,0,1
1771409080485,18.636719,0,1
1771409080505,19.782703,0,1
1771409080517,17.444313,0,1
1771409080533,12.677521,0,1
1771409080548,5.0307775,0,1
1771409080566,9.995755,0,1
1771409080599,23.588957,0,1
1771409080608,36.290527,0,1
1771409080620,41.59334,0,1
1771409080652,38.43065,0,1
1771409080658,30.055977,0,1
1771409080664,21.82102,0,1
1771409080679,13.643121,0,0
1771409080695,7.5066266,0,0
1771409080709,5.618156,0,0
1771409080725,8.312696,0,0
1771409080742,11.82851,0,0
1771409080757,14.0079155,0,0
1771409080778,15.798597,0,0
1771409080789,16.258226,0,0
1771409080804,15.448116,0,0
1771409080820,11.463693,0,0
1771409080836,2.0593028,0,0
1771409080852,15.20444,0,0
1771409080869,31.729548,0,0
1771409080885,42.05201,0,0
1771409080900,44.10272,0,0
1771409080917,41.534286,0,0
1771409080932,30.823027,0,0
1771409080949,20.581772,0,0
1771409080965,11.238087,0,0
1771409080981,3.8508255,0,0
1771409080997,2.3508382,0,0
1771409081012,5.497128,0,0
1771409081029,7.777043,0,0
1771409081044,9.664833,0,0
1771409081061,10.973791,0,0
1771409081077,12.017457,0,0
1771409081093,12.365805,0,0
1771409081109,12.611154,0,0
1771409081125,11.9599695,0,0
1771409081141,15.125984,0,0
1771409081157,28.547039,0,0
1771409081173,34.55511,0,0
1771409081189,33.209576,0,0
1771409081205,30.569426,0,0
1771409081221,38.436703,0,0
1771409081237,39.85655,0,0
1771409081254,35.517845,0,0
1771409081269,21.603981,0,0
1771409081285,12.976652,0,0
1771409081301,8.027009,0,0
1771409081317,4.77363,0,0
1771409081333,3.314128,0,0
1771409081349,9.747988,0,0
1771409081365,17.73079,0,0
1771409081381,24.212013,0,0
1771409081398,27.114622,0,0
1771409081413,25.162386,0,0
1771409081429,19.604399,0,0
1771409081445,11.424592,0,0
1771409081461,3.4509723,0,0
1771409081477,8.559882,0,0
1771409081493,19.516891,0,0
1771409081509,29.758112,0,0
1771409081526,33.7908,0,0
1771409081542,31.335192,0,0
1771409081558,24.41245,0,0
1771409081574,16.733908,0,0
1771409081589,9.595505,0,0
1771409081605,3.707204,0,0
1771409081622,9.739948,0,0
1771409081639,18.059446,0,0
1771409081656,24.61045,0,0
1771409081672,26.14258,0,0
1771409081688,22.286469,0,0
1771409081704,14.303054,0,0
1771409081720,5.289283,0,0
1771409081737,6.280466,0,0
1771409081752,16.589384,0,0
1771409081768,27.266102,0,0
1771409081785,34.24218,0,0
1771409081801,33.747795,0,0
1771409081816,26.369904,0,0
1771409081833,18.71666,0,0
1771409081849,12.241638,0,0
1771409081864,5.81658,0,0
1771409081880,6.5030937,0,0
1771409081896,17.316362,0,0
1771409081913,26.65506,0,0
1771409081929,29.741175,0,0
1771409081942,27.000013,0,0
1771409081958,19.839735,0,0
1771409081977,11.051423,0,0
1771409081993,3.1333559,0,0
1771409082009,7.211546,0,0
1771409082026,15.888365,0,0
1771409082042,24.217472,0,0
1771409082056,29.853941,0,0
1771409082074,30.084677,0,0
1771409082090,24.416983,0,0
1771409082105,18.008936,0,0
1771409082122,12.603303,0,0
1771409082138,7.315315,0,0
1771409082154,4.045206,0,0
1771409082170,10.373024,0,0
1771409082186,17.494967,0,0
1771409082201,21.955734,0,0
1771409082217,21.990955,0,0
1771409082234,18.971655,0,0
1771409082250,14.186581,0,0
1771409082266,10.8454,0,0
1771409082281,13.189795,0,0
1771409082298,19.246307,0,0
1771409082313,24.247622,0,0
1771409082330,24.784786,0,0
1771409082346,21.314611,0,0
1771409082362,14.684897,0,0
1771409082377,7.8745065,0,0
1771409082394,2.0221934,0,0
1771409082410,5.126532,0,0
1771409082426,10.065563,0,0
1771409082440,14.723047,0,0
1771409082455,17.983435,0,0
1771409082472,17.695372,0,0
1771409082489,18.147242,0,0
1771409082505,17.263538,0,0
1771409082522,11.506834,0,0
1771409082538,0.90877515,0,0
1771409082553,13.477413,0,0
1771409082570,26.780405,0,0
1771409082586,35.152187,0,0
1771409082602,39.041473,0,0
1771409082618,36.722332,0,0
1771409082634,28.68279,0,0
1771409082649,19.942173,0,0
1771409082666,12.452487,0,0
1771409082683,7.1784897,0,0
1771409082698,4.8325872,0,0
1771409082713,6.4515886,0,0
1771409082729,9.159268,0,0
1771409082746,10.955109,0,0
1771409082761,12.561852,0,0
1771409082778,12.917175,0,0
1771409082794,11.622105,0,0
1771409082810,5.707999,0,0
1771409082827,5.423237,0,0
1771409082841,19.748884,0,0
1771409082857,31.951834,0,0
1771409082874,38.170193,0,0
1771409082890,37.827602,0,0
1771409082906,31.789846,0,0
1771409082923,24.516172,0,0
1771409082937,16.893105,0,0
1771409082951,9.647871,0,0
1771409082970,4.4927444,0,0
1771409082986,3.68203,0,0
1771409083003,5.593992,0,0
1771409083017,7.355341,0,0
1771409083035,9.618228,0,0
1771409083050,12.222618,0,0
1771409083066,13.918824,0,0
1771409083083,12.192427,0,0
1771409083099,4.973585,0,0
1771409083115,11.071907,0,0
1771409083129,26.491734,0,0
1771409083146,37.57821,0,0
1771409083162,41.14896,0,0
1771409083181,36.034184,0,0
1771409083195,26.782734,0,0
1771409083210,17.321318,0,0
1771409083227,8.732588,0,0
1771409083242,3.0101404,0,0
1771409083258,5.4289947,0,0
1771409083274,9.040132,0,0
1771409083288,11.920086,0,0
1771409083306,13.607259,0,0
1771409083323,13.826402,0,0
1771409083338,13.518571,0,0
1771409083355,12.938297,0,0
1771409083371,9.981261,0,0
1771409083387,6.843421,0,0
1771409083403,20.581718,0,0
1771409083418,33.288284,0,0
1771409083435,42.67313,0,0
1771409083448,42.17724,0,0
1771409083466,35.145714,0,0
1771409083482,21.295671,0,0
1771409083497,9.796245,0,0
1771409083514,4.7945895,0,0
1771409083532,11.117054,0,0
1771409083547,17.907196,0,0
1771409083562,23.406214,0,0
1771409083579,25.011063,0,0
1771409083594,24.738869,0,0
1771409083610,21.60242,0,0
1771409083628,14.907873,0,0
1771409083642,7.2631803,0,0
1771409083660,6.1962805,0,0
1771409083675,14.735497,0,0
1771409083692,25.114277,0,0
1771409083708,33.74183,0,0
1771409083724,39.36126,0,0
1771409083740,38.070415,0,0
1771409083756,30.530708,0,0
1771409083772,21.85231,0,0
1771409083788,14.525355,0,0
1771409083804,9.27402,0,0
1771409083820,5.3415565,0,0
1771409083835,6.5297203,0,0
1771409083851,14.903633,0,0
1771409083868,23.600063,0,0
1771409083884,29.67451,0,0
1771409083900,31.164251,0,0
1771409083915,27.63183,0,0
1771409083932,19.241745,0,0
1771409083945,10.051801,0,0
1771409083961,8.203858,0,0
1771409083981,16.019762,0,0
1771409083995,24.443651,0,0
1771409084011,33.534744,0,0
1771409084028,38.638584,0,0
1771409084044,39.29215,0,0
1771409084059,35.34799,0,0
1771409084076,26.262583,0,0
1771409084092,17.832369,0,0
1771409084107,10.092296,0,0
1771409084124,5.7080193,0,0
1771409084139,8.851611,0,0
1771409084156,12.388464,0,0
1771409084172,14.975709,0,0
1771409084188,15.778865,0,0
1771409084203,17.269474,0,0
1771409084219,19.439407,0,0
1771409084236,18.897957,0,0
1771409084252,16.173908,0,0
1771409084268,12.932357,0,0
1771409084284,10.036413,0,0
1771409084304,8.486743,0,0
1771409084316,14.050951,0,0
1771409084331,24.69972,0,0
1771409084346,33.88056,0,0
1771409084361,37.59376,0,0
1771409084378,36.13283,0,0
1771409084394,31.49633,0,0
1771409084411,23.322815,0,0
1771409084426,15.736163,0,0
1771409084443,9.116661,0,0
1771409084457,3.8663158,0,0
1771409084476,2.705848,0,0
1771409084492,5.963236,0,0
1771409084506,9.626773,0,0
1771409084524,14.129711,0,0
1771409084540,19.465536,0,0
1771409084556,22.872011,0,0
1771409084573,22.513664,0,0
1771409084588,16.974323,0,0
1771409084605,7.9703526,0,0
1771409084621,7.301504,0,0
1771409084637,22.503448,0,0
1771409084653,36.493534,0,0
1771409084667,41.616096,0,0
1771409084681,39.857502,0,0
1771409084699,31.109165,0,0
1771409084716,21.050505,0,0
1771409084732,12.368755,0,0
1771409084749,5.4802833,0,0
1771409084765,2.216926,0,0
1771409084781,6.891526,0,0
1771409084796,12.19722,0,0
1771409084812,16.592127,0,0
1771409084829,19.36633,0,0
1771409084845,19.981482,0,0
1771409084861,17.684977,0,0
1771409084878,13.163504,0,0
1771409084893,5.613043,0,0
1771409084909,9.782494,0,0
1771409084925,23.555655,0,0
1771409084940,35.395897,0,0
1771409084954,41.19482,0,0
1771409084971,39.97053,0,0
1771409084990,32.11441,0,0
1771409085004,22.594109,0,0
1771409085021,14.354987,0,0
1771409085036,7.7660227,0,0
1771409085049,3.6457794,0,0
1771409085067,3.047263,0,0
1771409085084,5.4076633,0,0
1771409085098,7.7980027,0,0
1771409085114,8.437544,0,0
1771409085130,7.6702514,0,0
1771409085146,6.738259,0,0
1771409085161,6.6630445,0,0
1771409085180,7.9104137,0,0
1771409085196,9.793081,0,0
1771409085212,11.358434,0,0
1771409085228,12.79749,0,0
1771409085244,14.065487,0,0
1771409085259,14.992658,0,0
1771409085276,15.200561,0,0
1771409085292,14.911657,0,0
1771409085309,14.351716,0,0
1771409085325,13.459375,0,0
1771409085339,13.053405,0,0
1771409085354,12.705004,0,0
1771409085370,12.048335,0,0
1771409085386,11.328121,0,0
1771409085402,10.543277,0,0
1771409085418,9.665204,0,0
1771409085434,8.670761,0,0
1771409085450,7.772854,0,0
1771409085467,7.282778,0,0
1771409085483,7.4412475,0,0
1771409085501,8.021651,0,0
1771409085515,9.007108,0,0
1771409085533,10.202196,0,0
1771409085549,11.011374,0,0
1771409085565,11.659246,0,0
1771409085580,12.027474,0,0
1771409085596,12.194313,0,0
1771409085613,12.0760355,0,0
1771409085628,11.856026,0,0
1771409085645,11.472016,0,0
1771409085662,11.029446,0,0
1771409085677,10.550395,0,0
1771409085693,10.112836,0,0
1771409085709,9.725442,0,0
1771409085725,9.456009,0,0
1771409085742,9.362899,0,0
1771409085758,9.515685,0,0
1771409085774,9.566606,0,0
1771409085790,9.7069645,0,0
1771409085805,9.847929,0,0
1771409085822,10.058347,0,0
1771409085838,10.257366,0,0
1771409085854,10.308752,0,0
1771409085869,10.428745,0,0
1771409085886,10.544205,0,0
1771409085901,10.550471,0,0
1771409085918,10.622519,0,0
1771409085934,10.578301,0,0
1771409085947,10.57608,0,0
1771409085963,10.489284,0,0
1771409085982,10.556946,0,0
1771409085998,10.507058,0,0
1771409086013,10.451784,0,0
1771409086030,10.391677,0,0
1771409086045,10.258843,0,0
1771409086062,10.329812,0,0
1771409086077,10.270437,0,0
1771409086092,10.302328,0,0
1771409086109,10.211294,0,0
1771409086125,10.173899,0,0
1771409086140,10.15141,0,0
1771409086158,10.172224,0,0
1771409086174,10.161712,0,0
1771409086190,10.220548,0,0
1771409086205,10.310105,0,0
1771409086221,10.40478,0,0
1771409086237,10.380488,0,0
1771409086254,10.3268385,0,0
1771409086269,10.35982,0,0
1771409086286,10.416396,0,0
1771409086302,10.312239,0,0
1771409086317,10.39501,0,0
1771409086333,10.432075,0,0
1771409086350,10.356183,0,0
1771409086366,10.377497,0,0
1771409086382,10.368321,0,0
1771409086399,10.284417,0,0
1771409086414,10.273456,0,0
1771409086429,10.361833,0,0
1771409086445,10.257213,0,0
1771409086459,10.316047,0,0
1771409086477,10.333813,0,0
1771409086495,10.442812,0,0
1771409086510,10.324954,0,0
1771409086525,10.311071,0,0
1771409086540,10.364664,0,0
1771409086557,10.338883,0,0
1771409086573,10.390975,0,0
1771409086590,10.427382,0,0
1771409086606,10.442812,0,0
1771409086622,10.558557,0,0
1771409086638,10.676709,0,0
1771409086653,10.709346,0,0
1771409086669,10.9451065,0,0
1771409086686,11.175914,0,0
1771409086702,11.682501,0,0
1771409086718,12.944509,0,0
1771409086735,14.445172,0,0
1771409086750,15.643887,0,0
1771409086766,15.336861,0,0
1771409086783,14.393181,0,0
1771409086798,12.634439,0,0
1771409086814,11.3681965,0,0
1771409086831,9.441124,0,0
1771409086847,7.4989552,0,0
1771409086863,6.9436345,0,0
1771409086877,8.82435,0,0
1771409086895,11.023523,0,0
1771409086911,12.448279,0,0
1771409086926,16.49095,0,0
1771409086942,22.149292,0,0
1771409086955,25.975662,0,0
1771409086972,18.937431,0,0
1771409086989,6.738358,0,0
1771409087007,22.705353,0,0
1771409087022,40.7105,0,0
1771409087038,45.047264,0,0
1771409087054,47.51345,0,0
1771409087071,44.31275,0,0
1771409087085,29.117853,0,0
1771409087101,16.719566,0,0
1771409087118,8.103554,0,0
1771409087134,6.668058,0,0
1771409087151,10.569301,0,0
1771409087165,15.939392,0,0
1771409087182,22.216177,0,0
1771409087197,27.590115,0,0
1771409087218,28.559237,0,0
1771409087227,24.139797,0,0
1771409087243,14.898024,0,0
1771409087261,4.607821,0,0
1771409087278,22.033815,0,0
1771409087294,39.628525,0,0
1771409087310,42.149773,0,0
1771409087325,42.76035,0,0
1771409087342,42.79521,0,0
1771409087358,30.220404,0,0
1771409087374,16.702326,0,0
1771409087390,6.89196,0,0
1771409087406,4.7368097,0,0
1771409087422,9.942875,0,0
1771409087438,15.47526,0,0
1771409087452,20.707243,0,0
1771409087467,23.459774,0,0
1771409087485,20.721928,0,0
1771409087502,11.159051,0,0
1771409087517,3.0658264,0,0
1771409087534,18.425608,0,0
1771409087550,31.753078,0,0
1771409087566,40.165703,0,0
1771409087582,42.178783,0,0
1771409087598,37.82506,0,0
1771409087615,28.294895,0,0
1771409087630,17.681616,0,0
1771409087646,8.982059,0,0
1771409087662,4.506691,0,0
1771409087679,8.4267025,0,0
1771409087694,17.655918,0,0
1771409087710,25.720171,0,0
1771409087727,28.821266,0,0
1771409087743,25.353996,0,0
1771409087759,18.603756,0,0
1771409087774,11.59871,0,0
1771409087790,6.6974163,0,0
1771409087807,11.129198,0,0
1771409087823,20.911583,0,0
1771409087839,30.594435,0,0
1771409087855,38.59796,0,0
1771409087871,38.527924,0,0
1771409087887,31.76309,0,0
1771409087903,22.138718,0,0
1771409087919,14.368326,0,0
1771409087935,8.752082,0,0
1771409087949,4.8372946,0,0
1771409087964,9.102106,0,0
1771409087983,19.484219,0,0
1771409087999,29.511723,0,0
1771409088016,32.73247,0,0
1771409088031,30.4379,0,0
1771409088047,23.467743,0,0
1771409088062,15.583187,0,0
1771409088079,8.79607,0,0
1771409088095,8.05484,0,0
1771409088111,16.432491,0,0
1771409088127,29.70741,0,0
1771409088143,37.54029,0,0
1771409088159,37.5504,0,0
1771409088175,30.471525,0,0
1771409088191,22.70487,0,0
1771409088207,15.606154,0,0
1771409088224,9.565703,0,0
1771409088239,3.2715151,0,0
1771409088254,6.7401614,0,0
1771409088271,16.799301,0,0
1771409088288,24.530098,0,0
1771409088304,27.983229,0,0
1771409088320,28.263332,0,0
1771409088335,26.08189,0,0
1771409088352,22.380339,0,0
1771409088368,16.955202,0,0
1771409088384,10.465855,0,0
1771409088399,4.714008,0,0
1771409088416,9.572019,0,0
1771409088431,21.854252,0,0
1771409088447,32.726055,0,0
1771409088460,37.55862,0,0
1771409088479,34.15031,0,0
1771409088495,25.498821,0,0
1771409088511,17.839417,0,0
1771409088528,11.5523615,0,0
1771409088544,6.7633753,0,0
1771409088559,10.613659,0,0
1771409088575,18.426527,0,0
1771409088591,24.388103,0,0
1771409088608,25.924644,0,0
1771409088624,24.251326,0,0
1771409088639,19.7442,0,0
1771409088656,16.152916,0,0
1771409088672,13.15746,0,0
1771409088688,11.461071,0,0
1771409088702,12.279231,0,0
1771409088718,13.329005,0,0
1771409088736,13.513622,0,0
1771409088752,15.278375,0,0
1771409088767,20.821772,0,0
1771409088783,27.00639,0,0
1771409088799,29.82969,0,0
1771409088816,26.893633,0,0
1771409088833,20.715284,0,0
1771409088848,14.686406,0,0
1771409088864,8.849437,0,0
1771409088880,7.0737004,0,0
1771409088895,9.799541,0,0
1771409088912,12.744666,0,0
1771409088928,14.811513,0,0
1771409088943,15.189454,0,0
1771409088957,14.036507,0,0
1771409088974,10.897175,0,0
1771409088992,4.8132434,0,0
1771409089007,6.1323137,0,0
1771409089024,17.554024,0,0
1771409089041,27.876919,0,0
1771409089057,33.112423,0,0
1771409089072,32.066868,0,0
1771409089088,26.685314,0,0
1771409089104,18.979158,0,0
1771409089120,11.77176,0,0
1771409089135,6.9761715,0,0
1771409089152,8.130118,0,0
1771409089170,13.3549795,0,0
1771409089182,17.476408,0,0
1771409089198,18.1854,0,0
1771409089213,16.204798,0,0
1771409089229,13.198395,0,0
1771409089247,7.9341307,0,0
1771409089264,7.9294333,0,0
1771409089280,18.596107,0,0
1771409089297,29.740732,0,0
1771409089313,36.490345,0,0
1771409089330,36.133385,0,0
1771409089344,30.649187,0,0
1771409089360,22.495138,0,0
1771409089376,16.138287,0,0
1771409089392,10.630566,0,0
1771409089408,6.7777343,0,0
1771409089424,6.2314706,0,0
1771409089440,8.190413,0,0
1771409089454,9.894332,0,0
1771409089470,11.076239,0,0
1771409089488,11.80678,0,0
1771409089504,11.915786,0,0
1771409089520,10.562006,0,0
1771409089537,6.818263,0,0
1771409089552,4.874738,0,0
1771409089567,11.219162,0,0
1771409089583,20.726328,0,0
1771409089600,29.647434,0,0
1771409089615,32.169758,0,0
1771409089632,30.7009,0,0
1771409089647,25.409267,0,0
1771409089665,18.85145,0,0
1771409089679,13.580664,0,0
1771409089697,9.0216465,0,0
1771409089712,5.5889883,0,0
1771409089728,4.5161824,0,0
1771409089743,5.8911653,0,0
1771409089760,7.956584,0,0
1771409089774,10.090564,0,0
1771409089789,11.751288,0,0
1771409089805,11.872843,0,0
1771409089823,10.329295,0,0
1771409089839,7.0570145,0,0
1771409089855,6.435695,0,0
1771409089872,13.252885,0,0
1771409089888,21.962122,0,0
1771409089903,27.751776,0,0
1771409089919,29.931778,0,0
1771409089936,29.068377,0,0
1771409089952,26.062923,0,0
1771409089966,21.396109,0,0
1771409089984,15.950494,0,0
1771409090000,10.670607,0,0
1771409090016,6.4354444,0,0
1771409090031,3.1286585,0,0
1771409090048,3.3708367,0,0
1771409090065,6.1930614,0,0
1771409090079,9.806007,0,0
1771409090096,13.787417,0,0
1771409090112,16.911068,0,0
1771409090128,17.901234,0,0
1771409090143,13.229756,0,0
1771409090160,2.9009135,0,0
1771409090176,12.917726,0,0
1771409090193,27.146006,0,0
1771409090210,35.953503,0,0
1771409090223,39.98676,0,0
1771409090240,39.27821,0,0
1771409090255,33.008636,0,0
1771409090272,23.631313,0,0
1771409090288,14.11624,0,0
1771409090304,6.0466895,0,0
1771409090319,1.7561358,0,0
1771409090336,7.1774116,0,0
1771409090353,12.760836,0,0
1771409090368,17.775566,0,0
1771409090384,21.732826,0,0
1771409090400,21.249508,0,0
1771409090417,15.530011,0,0
1771409090433,4.7486143,0,0
1771409090448,10.682487,0,0
1771409090462,26.1142,0,0
1771409090481,37.1182,0,0
1771409090497,40.96186,0,0
1771409090513,38.94396,0,0
1771409090529,32.049324,0,0
1771409090548,23.460012,0,0
1771409090562,15.056046,0,0
1771409090577,8.016336,0,0
1771409090593,3.6471806,0,0
1771409090608,4.272467,0,0
1771409090624,6.9952354,0,0
1771409090640,10.433937,0,0
1771409090656,14.256373,0,0
1771409090673,17.56259,0,0
1771409090689,19.718971,0,0
1771409090704,18.209047,0,0
1771409090720,9.478921,0,0
1771409090736,6.246811,0,0
1771409090752,23.197311,0,0
1771409090768,36.87551,0,0
1771409090785,41.882885,0,0
1771409090801,43.15874,0,0
1771409090817,37.870537,0,0
1771409090833,27.851315,0,0
1771409090849,18.552702,0,0
1771409090864,11.4254055,0,0
1771409090880,6.3830953,0,0
1771409090897,4.091792,0,0
1771409090912,4.4426904,0,0
1771409090928,6.7523847,0,0
1771409090945,10.119423,0,0
1771409090959,14.674916,0,0
1771409090974,20.503202,0,0
1771409090993,22.89317,0,0
1771409091010,18.76706,0,0
1771409091025,4.6125736,0,0
1771409091041,14.436181,0,0
1771409091057,34.09883,0,0
1771409091074,41.71019,0,0
1771409091089,43.43157,0,0
1771409091106,39.449543,0,0
1771409091122,28.145603,0,0
1771409091137,17.04998,0,0
1771409091153,7.309986,0,0
1771409091170,1.9947032,0,0
1771409091185,8.503825,0,0
1771409091201,15.2199955,0,0
1771409091217,20.750652,0,0
1771409091234,23.456545,0,0
1771409091249,22.027946,0,0
1771409091266,17.079468,0,0
1771409091282,8.339918,0,0
1771409091297,4.5144625,0,0
1771409091311,16.584478,0,0
1771409091326,29.62822,0,0
1771409091342,38.246937,0,0
1771409091358,41.390007,0,0
1771409091374,37.721855,0,0
1771409091390,31.283773,0,0
1771409091406,23.480822,0,0
1771409091422,15.633496,0,0
1771409091438,9.289027,0,0
1771409091454,4.8336096,0,0
1771409091470,2.2603233,0,0
1771409091488,5.523647,0,0
1771409091505,12.735006,0,0
1771409091521,19.831793,0,0
1771409091537,24.014013,0,0
1771409091553,23.632814,0,0
1771409091570,19.385342,0,0
1771409091586,12.833847,0,0
1771409091601,5.9475265,0,0
1771409091617,5.9412584,0,0
1771409091634,14.558974,0,0
1771409091649,24.801744,0,0
1771409091665,31.947756,0,0
1771409091681,35.735207,0,0
1771409091697,33.511787,0,0
1771409091714,26.120853,0,0
1771409091729,19.122107,0,0
1771409091746,13.015192,0,0
1771409091761,8.4270935,0,0
1771409091778,5.2419205,0,0
1771409091794,1.2943742,0,0
1771409091810,6.896561,0,0
1771409091826,18.300674,0,0
1771409091842,28.954058,0,0
1771409091858,32.799637,0,0
1771409091874,28.93807,0,0
1771409091889,19.195517,0,0
1771409091906,8.376253,0,0
1771409091921,4.989947,0,0
1771409091938,12.840133,0,0
1771409091953,20.659775,0,0
1771409091967,29.145489,0,0
1771409091985,32.359413,0,0
1771409092002,30.202234,0,0
1771409092018,23.953545,0,0
1771409092033,18.142042,0,0
1771409092049,13.543912,0,0
1771409092066,9.510482,0,0
1771409092082,5.6846323,0,0
1771409092098,3.0106828,0,0
1771409092113,11.146196,0,0
1771409092131,21.11577,0,0
1771409092145,29.382687,0,0
1771409092162,29.7997,0,0
1771409092177,27.687845,0,0
1771409092193,20.815498,0,0
1771409092210,11.897656,0,0
1771409092225,3.494746,0,0
1771409092242,8.189373,0,0
1771409092258,18.04624,0,0
1771409092274,27.927782,0,0
1771409092290,34.791008,0,0
1771409092307,33.38018,0,0
1771409092322,26.044937,0,0
1771409092338,17.614946,0,0
1771409092354,11.006939,0,0
1771409092370,6.662334,0,0
1771409092386,3.0539026,0,0
1771409092403,7.981807,0,0
1771409092418,17.477396,0,0
1771409092433,25.520588,0,0
1771409092449,28.920702,0,0
1771409092463,27.54415,0,0
1771409092479,23.361814,0,0
1771409092498,17.590607,0,0
1771409092514,11.351707,0,0
1771409092529,6.0976443,0,0
1771409092546,8.952319,0,0
1771409092562,17.577251,0,0
1771409092577,27.897429,0,0
1771409092594,35.392757,0,0
1771409092610,33.86656,0,0
1771409092625,24.389711,0,0
1771409092641,15.986015,0,0
1771409092657,9.803075,0,0
1771409092674,4.9526596,0,0
1771409092690,2.7988217,0,0
1771409092706,13.162521,0,0
1771409092722,25.996246,0,0
1771409092738,34.205383,0,0
1771409092754,34.38042,0,0
1771409092771,28.08003,0,0
1771409092786,18.842592,0,0
1771409092802,9.245224,0,0
1771409092819,4.5080867,0,0
1771409092833,14.957898,0,0
1771409092850,26.15274,0,0
1771409092865,31.182257,0,0
1771409092881,29.290321,0,0
1771409092899,22.844511,0,0
1771409092913,16.438665,0,0
1771409092931,11.763269,0,0
1771409092945,7.7969146,0,0
1771409092960,2.3160646,0,0
1771409092975,5.139545,0,0
1771409092994,12.678299,0,0
1771409093009,20.924326,0,0
1771409093026,28.732853,0,0
1771409093042,32.439194,0,0
1771409093057,32.42861,0,0
1771409093074,28.847086,0,0
1771409093090,22.040104,0,0
1771409093106,14.472483,0,0
1771409093122,7.6646523,0,0
1771409093138,7.115272,0,0
1771409093155,13.457611,0,0
1771409093170,23.937428,0,0
1771409093185,35.46035,0,0
1771409093203,38.50276,0,0
1771409093218,34.432648,0,0
1771409093234,23.994396,0,0
1771409093250,14.726032,0,0
1771409093266,7.3185153,0,0
1771409093282,2.8536422,0,0
1771409093298,5.7377014,0,0
1771409093314,10.798533,0,0
1771409093331,15.123252,0,0
1771409093346,17.552546,0,0
1771409093362,18.107973,0,0
1771409093379,17.20009,0,0
1771409093393,15.322019,0,0
1771409093411,13.151216,0,0
1771409093426,11.241002,0,0
1771409093441,10.076702,0,0
1771409093457,9.603634,0,0
1771409093471,9.221536,0,0
1771409093489,9.062277,0,0
1771409093505,9.090927,0,0
1771409093523,9.100386,0,0
1771409093538,9.303884,0,0
1771409093554,9.578327,0,0
1771409093570,9.797824,0,0
1771409093586,10.195291,0,0
1771409093603,10.531852,0,0
1771409093617,10.857582,0,0
1771409093636,11.282768,0,0
1771409093650,11.416128,0,0
1771409093666,11.411725,0,0
1771409093682,11.222848,0,0
1771409093698,11.03786,0,0
1771409093715,10.858696,0,0
1771409093730,10.659871,0,0
1771409093747,10.52516,0,0
1771409093763,10.423644,0,0
1771409093778,10.460288,0,0
1771409093794,10.267679,0,0
1771409093811,10.286188,0,0
1771409093827,10.249531,0,0
1771409093842,10.328324,0,0
1771409093859,10.291619,0,0
1771409093875,10.3747425,0,0
1771409093890,10.377685,0,0
1771409093906,10.337261,0,0
1771409093922,10.333452,0,0
1771409093939,10.36529,0,0
1771409093954,10.506788,0,0
1771409093967,10.805109,0,0
1771409093986,11.057267,0,0
1771409094003,11.07372,0,0
1771409094019,11.076922,0,0
1771409094035,11.207394,0,0
1771409094050,11.50452,0,0
1771409094066,11.608059,0,0
1771409094083,11.463719,0,0
1771409094099,10.8970585,0,0
1771409094114,10.1542015,0,0
1771409094130,9.212961,0,0
1771409094146,8.400899,0,0
1771409094163,8.075646,0,0
1771409094179,8.132608,0,0
1771409094195,8.634168,0,0
1771409094210,9.492492,0,0
1771409094226,10.598338,0,0
1771409094243,11.776282,0,0
1771409094258,12.65571,0,0
1771409094274,13.386736,0,0
1771409094290,13.709273,0,0
1771409094307,13.713096,0,0
1771409094323,13.4990835,0,0
1771409094338,13.100197,0,0
1771409094354,12.763855,0,0
1771409094371,12.362212,0,0
1771409094387,11.864589,0,0
1771409094402,11.136721,0,0
1771409094419,10.593324,0,0
1771409094435,10.249054,0,0
1771409094450,10.036132,0,0
1771409094464,10.091682,0,0
1771409094480,10.752284,0,0
1771409094499,12.211344,0,0
1771409094515,13.007564,0,0
1771409094531,12.761556,0,0
1771409094547,11.7417755,0,0
1771409094562,10.627402,0,0
1771409094578,8.535548,0,0
1771409094594,7.211018,0,0
1771409094611,9.3182,0,0
1771409094626,15.0476,0,0
1771409094642,21.425564,0,0
1771409094659,25.042746,0,0
1771409094674,25.597065,0,0
1771409094690,22.211626,0,0
1771409094707,16.597414,0,0
1771409094722,9.796984,0,0
1771409094739,3.7797263,0,0
1771409094754,12.964608,0,0
1771409094771,26.004618,0,0
1771409094787,34.544968,0,0
1771409094803,32.866962,0,0
1771409094819,25.629807,0,0
1771409094835,16.796566,0,0
1771409094851,7.9330473,0,0
1771409094866,6.6689095,0,0
1771409094882,13.938033,0,0
1771409094898,19.5639,0,0
1771409094914,21.656565,0,0
1771409094931,19.88678,0,0
1771409094947,17.305174,0,0
1771409094962,16.854933,0,0
1771409094975,18.110605,0,0
1771409094994,15.5266285,0,0
1771409095011,8.558332,0,0
1771409095027,22.12835,0,0
1771409095043,38.409203,0,0
1771409095059,41.363472,0,0
1771409095074,40.679466,0,0
1771409095090,32.870647,0,0
1771409095107,25.513096,0,0
1771409095123,17.442957,0,0
1771409095139,9.623941,0,0
1771409095154,5.616542,0,0
1771409095171,9.11481,0,0
1771409095186,14.480352,0,0
1771409095203,17.284212,0,0
1771409095219,15.935817,0,0
1771409095235,11.550307,0,0
1771409095251,3.2623599,0,0
1771409095267,16.395958,0,0
1771409095283,27.498394,0,0
1771409095298,35.94396,0,0
1771409095314,39.0156,0,0
1771409095331,37.091835,0,0
1771409095347,31.156681,0,0
1771409095363,22.293047,0,0
1771409095379,13.351051,0,0
1771409095394,7.3003,0,0
1771409095411,7.3227797,0,0
1771409095427,12.979223,0,0
1771409095443,20.394505,0,0
1771409095459,27.00065,0,0
1771409095472,30.43578,0,0
1771409095490,28.706013,0,0
1771409095507,19.76428,0,0
1771409095523,14.986028,0,0
1771409095538,28.768648,0,0
1771409095555,41.542572,0,0
1771409095571,51.537834,0,0
1771409095587,55.077805,0,0
1771409095603,49.505848,0,0
1771409095620,37.54973,0,0
1771409095635,22.677902,0,0
1771409095651,12.206922,0,0
1771409095667,10.032125,0,0
1771409095683,13.111808,0,0
1771409095697,20.636839,0,0
1771409095714,28.2217,0,0
1771409095731,30.929436,0,0
1771409095747,27.143572,0,0
1771409095763,18.089806,0,0
1771409095779,6.3307457,0,0
1771409095795,11.774981,0,0
1771409095810,28.003569,0,0
1771409095827,40.85922,0,0
1771409095843,39.5851,0,0
1771409095859,39.0436,0,0
1771409095876,35.60799,0,0
1771409095891,23.654394,0,0
1771409095907,12.687279,0,0
1771409095922,8.525054,0,0
1771409095939,11.535834,0,0
1771409095954,18.437305,0,0
1771409095968,31.784166,0,0
1771409095986,43.558685,0,0
1771409096002,42.189487,0,0
1771409096018,31.363369,0,0
1771409096034,21.113874,0,0
1771409096051,35.219566,0,0
1771409096067,44.010777,0,0
1771409096083,48.36305,0,0
1771409096099,47.3468,0,0
1771409096115,44.118122,0,0
1771409096130,32.871227,0,0
1771409096147,20.609983,0,0
1771409096162,10.008991,0,0
1771409096177,8.417769,0,0
1771409096194,17.458393,0,0
1771409096210,28.180239,0,0
1771409096226,32.25215,0,0
1771409096243,26.995779,0,0
1771409096259,20.23889,0,0
1771409096275,10.623092,0,0
1771409096291,11.631912,0,0
1771409096307,24.103022,0,0
1771409096323,37.542736,0,0
1771409096339,45.49513,0,0
1771409096355,46.31343,0,0
1771409096371,39.466595,0,0
1771409096386,26.630394,0,0
1771409096403,15.562468,0,0
1771409096421,6.8580747,0,0
1771409096435,3.55308,0,0
1771409096451,8.599837,0,0
1771409096465,16.25529,0,0
1771409096481,23.825693,0,0
1771409096499,29.091824,0,0
1771409096514,29.045364,0,0
1771409096531,21.933956,0,0
1771409096546,12.455606,0,0
1771409096563,20.182032,0,0
1771409096578,36.845753,0,0
1771409096595,42.99548,0,0
1771409096611,46.587128,0,0
1771409096626,46.261177,0,0
1771409096643,35.256092,0,0
1771409096659,22.707056,0,0
1771409096674,12.682162,0,0
1771409096690,6.991515,0,0
1771409096706,5.2545934,0,0
1771409096722,8.844553,0,0
1771409096738,14.064427,0,0
1771409096755,16.425728,0,0
1771409096770,14.108841,0,0
1771409096787,9.676354,0,0
1771409096802,3.700108,0,0
1771409096819,5.4539814,0,0
1771409096835,15.746584,0,0
1771409096851,27.07216,0,0
1771409096867,36.00485,0,0
1771409096883,39.057423,0,0
1771409096899,34.457623,0,0
1771409096915,26.601683,0,0
1771409096930,18.996254,0,0
1771409096947,12.5997095,0,0
1771409096962,7.8368263,0,0
1771409096976,5.467429,0,0
1771409096995,14.637173,0,0
1771409097011,25.640251,0,0
1771409097026,34.288765,0,0
1771409097044,34.17297,0,0
1771409097058,25.871193,0,0
1771409097072,13.880433,0,0
1771409097091,4.153947,0,0
1771409097107,11.182374,0,0
1771409097123,22.061333,0,0
1771409097139,30.969767,0,0
1771409097155,38.39776,0,0
1771409097173,38.498104,0,0
1771409097186,31.321974,0,0
1771409097204,22.571804,0,0
1771409097219,15.276563,0,0
1771409097235,8.634462,0,0
1771409097251,6.987056,0,0
1771409097267,22.04539,0,0
1771409097283,33.738865,0,0
1771409097299,33.956814,0,0
1771409097315,25.354763,0,0
1771409097330,12.912143,0,0
1771409097347,9.622618,0,0
1771409097362,17.060293,0,0
1771409097379,26.068739,0,0
1771409097396,32.604836,0,0
1771409097411,32.999733,0,0
1771409097427,27.642988,0,0
1771409097443,20.857426,0,0
1771409097460,15.304804,0,0
1771409097473,11.229285,0,0
1771409097490,6.3142138,0,0
1771409097507,7.440051,0,0
1771409097524,19.327204,0,0
1771409097540,29.551548,0,0
1771409097555,32.835533,0,0
1771409097571,30.089806,0,0
1771409097588,22.811077,0,0
1771409097602,15.017577,0,0
1771409097619,9.917072,0,0
1771409097636,10.975848,0,0
1771409097651,14.142185,0,0
1771409097667,16.687933,0,0
1771409097683,19.968372,0,0
1771409097699,21.707256,0,0
1771409097715,20.707512,0,0
1771409097730,17.145983,0,0
1771409097747,13.518623,0,0
1771409097763,10.762509,0,0
1771409097780,8.230942,0,0
1771409097796,7.473197,0,0
1771409097810,13.037954,0,0
1771409097827,18.720352,0,0
1771409097844,20.962683,0,0
1771409097859,19.671476,0,0
1771409097877,15.66297,0,0
1771409097891,10.67564,0,0
1771409097907,8.037654,0,0
1771409097923,13.975959,0,0
1771409097939,21.16718,0,0
1771409097955,24.316517,0,0
1771409097968,22.923843,0,0
1771409097984,18.067701,0,0
1771409098004,12.310768,0,0
1771409098018,5.816403,0,0
1771409098034,7.7355294,0,0
1771409098050,19.05679,0,0
1771409098067,26.524487,0,0
1771409098083,28.826792,0,0
1771409098099,27.041405,0,0
1771409098115,21.996737,0,0
1771409098131,14.930206,0,0
1771409098147,8.292635,0,0
1771409098162,5.327795,0,0
1771409098178,8.219853,0,0
1771409098195,11.910328,0,0
1771409098213,15.734795,0,0
1771409098227,18.268114,0,0
1771409098243,18.455004,0,0
1771409098259,16.351927,0,0
1771409098275,13.808698,0,0
1771409098291,11.913391,0,0
1771409098308,11.092867,0,0
1771409098324,11.386711,0,0
1771409098341,11.955417,0,0
1771409098355,11.228579,0,0
1771409098371,9.855777,0,0
1771409098386,8.333244,0,0
1771409098402,8.115411,0,0
1771409098418,15.989972,0,0
1771409098435,25.749859,0,0
1771409098451,30.232376,0,0
1771409098465,28.85427,0,0
1771409098481,23.281433,0,0
1771409098497,15.618688,0,0
1771409098514,6.2541976,0,0
1771409098531,3.5909789,0,0
1771409098547,14.80872,0,0
1771409098563,27.382313,0,0
1771409098579,36.425224,0,0
1771409098596,35.35013,0,0
1771409098611,26.331095,0,0
1771409098628,15.979538,0,0
1771409098643,8.53636,0,0
1771409098659,4.8787336,0,0
1771409098676,10.689241,0,0
1771409098691,17.38535,0,0
1771409098707,21.089476,0,0
1771409098723,21.751287,0,0
1771409098738,19.75744,0,0
1771409098755,16.094488,0,0
1771409098771,12.459623,0,0
1771409098788,9.694336,0,0
1771409098803,8.224535,0,0
1771409098819,9.592543,0,0
1771409098834,14.669078,0,0
1771409098850,19.827948,0,0
1771409098867,22.43873,0,0
1771409098883,21.7472,0,0
1771409098899,18.460411,0,0
1771409098917,13.780883,0,0
1771409098931,9.005562,0,0
1771409098948,6.104989,0,0
1771409098964,9.991436,0,0
1771409098977,14.703152,0,0
1771409098996,17.399048,0,0
1771409099012,18.115376,0,0
1771409099028,17.040916,0,0
1771409099044,14.680435,0,0
1771409099058,12.217705,0,0
1771409099076,10.173522,0,0
1771409099092,9.1270485,0,0
1771409099107,8.745715,0,0
1771409099123,8.915853,0,0
1771409099139,9.257755,0,0
1771409099155,9.612415,0,0
1771409099172,10.048538,0,0
1771409099186,10.25447,0,0
1771409099203,10.053051,0,0
1771409099219,10.841068,0,0
1771409099236,11.297353,0,0
1771409099251,11.051035,0,0
1771409099268,11.184829,0,0
1771409099283,11.282523,0,0
1771409099299,11.397059,0,0
1771409099314,11.370776,0,0
1771409099332,11.470619,0,0
1771409099348,11.102209,0,0
1771409099364,10.781876,0,0
1771409099380,10.48193,0,0
1771409099395,10.125974,0,0
1771409099411,10.271134,0,0
1771409099429,10.390943,0,0
1771409099443,10.567538,0,0
1771409099460,10.584567,0,0
1771409099473,10.598522,0,0
1771409099489,10.472795,0,0
1771409099508,10.453283,0,0
1771409099524,10.611671,0,0
1771409099540,10.793101,0,0
1771409099557,10.953179,0,0
1771409099571,10.920846,0,0
1771409099588,10.896775,0,0
1771409099604,10.753546,0,0
1771409099620,10.695035,0,0
1771409099636,10.843805,0,0
1771409099652,11.034753,0,0
1771409099668,11.226573,0,0
1771409099685,11.49809,0,0
1771409099699,11.771953,0,0
1771409099715,11.953145,0,0
1771409099732,12.277943,0,0
1771409099748,12.416181,0,0
1771409099763,12.569466,0,0
1771409099779,12.671884,0,0
1771409099796,12.460734,0,0
1771409099812,12.113208,0,0
1771409099828,11.458167,0,0
1771409099844,10.697654,0,0
1771409099860,9.902539,0,0
1771409099876,10.032441,0,0
1771409099892,9.095513,0,0
1771409099907,9.734464,0,0
1771409099924,10.262631,0,0
1771409099940,10.210811,0,0
1771409099956,10.14751,0,0
1771409099970,10.015624,0,0
1771409099985,9.421855,0,0
1771409100003,8.574164,0,0
1771409100019,7.9125566,0,0
1771409100036,8.031025,0,0
1771409100052,7.842117,0,0
1771409100067,7.8962293,0,0
1771409100084,7.976192,0,0
1771409100100,9.187683,0,0
1771409100115,9.751612,0,0
1771409100131,10.084242,0,0
1771409100147,10.397871,0,0
1771409100164,10.523117,0,0
1771409100180,9.675562,0,0
1771409100196,8.831926,0,0
1771409100212,8.320327,0,0
1771409100227,8.648805,0,0
1771409100244,9.921934,0,0
1771409100260,11.398665,0,0
1771409100276,11.5471115,0,0
1771409100291,10.453484,0,0
1771409100307,9.091963,0,0
1771409100324,8.619043,0,0
1771409100339,9.780317,0,0
1771409100355,10.559387,0,0
1771409100372,10.635173,0,0
1771409100388,10.617986,0,0
1771409100403,10.946105,0,0
1771409100419,11.224705,0,0
1771409100436,11.832962,0,0
1771409100458,12.248146,0,0
1771409100468,11.49537,0,0
1771409100481,10.764719,0,0
1771409100500,10.797624,0,0
1771409100516,10.961326,0,0
1771409100531,10.460873,0,0
1771409100548,9.808502,0,0
1771409100564,9.636734,0,0
1771409100580,9.625024,0,0
1771409100596,9.921681,0,0
1771409100611,10.517712,0,0
1771409100627,11.880336,0,0
1771409100643,12.183263,0,0
1771409100660,12.045213,0,0
1771409100676,11.705346,0,0
1771409100692,11.292929,0,0
1771409100708,10.775392,0,0
1771409100724,10.781164,0,0
1771409100740,10.897078,0,0
1771409100756,10.778791,0,0
1771409100772,10.563208,0,0
1771409100787,10.315347,0,0
1771409100803,10.567291,0,0
1771409100820,10.606374,0,0
1771409100836,10.361826,0,0
1771409100852,9.964079,0,0
1771409100867,9.989846,0,0
1771409100884,15.873974,0,0
1771409100900,10.288058,0,0
1771409100916,10.0689335,0,0
1771409100932,10.090736,0,0
1771409100946,10.076429,0,0
1771409100962,10.040492,0,0
1771409100977,9.906957,0,0
1771409100994,9.886972,0,0
1771409101011,10.291386,0,0
1771409101027,10.079443,0,0
1771409101045,9.850835,0,0
1771409101060,9.729398,0,0
1771409101076,10.247088,0,0
1771409101091,10.153477,0,0
1771409101108,10.285067,0,0
1771409101123,10.489336,0,0
1771409101140,10.126256,0,0
1771409101156,10.317219,0,0
1771409101172,10.182921,0,0
1771409101188,10.304033,0,0
1771409101203,10.198438,0,0
1771409101220,9.839633,0,0
1771409101235,10.628685,0,0
1771409101252,10.04843,0,0
1771409101268,10.374963,0,0
1771409101284,10.204634,0,0
1771409101300,10.333621,0,0
1771409101316,10.220444,0,0
1771409101332,10.36029,0,0
1771409101347,10.187027,0,0
1771409101364,10.336279,0,0
1771409101381,10.222916,0,0
1771409101396,10.320094,0,0
1771409101412,10.320161,0,0
1771409101427,10.223831,0,0
1771409101444,10.317464,0,0
1771409101461,10.259414,0,0
1771409101474,10.323038,0,0
1771409101489,10.241188,0,0
1771409101508,10.241019,0,0
1771409101523,10.220877,0,0
1771409101540,10.299315,0,0
1771409101556,10.204028,0,0
1771409101573,10.225878,0,0
1771409101588,10.279973,0,0
1771409101604,10.300336,0,0
1771409101620,10.244359,0,0
1771409101636,10.222176,0,0
1771409101652,10.188051,0,0
1771409101668,10.242426,0,0
1771409101683,10.220976,0,0
1771409101700,10.316922,0,0
1771409101716,10.280141,0,0
1771409101732,10.223659,0,0
1771409101748,10.297145,0,0
1771409101764,10.29917,0,0
1771409101782,10.28088,0,0
1771409101795,10.260818,0,0
1771409101811,10.318063,0,0
1771409101829,10.242533,0,0
1771409101844,10.201413,0,0
1771409101859,10.222311,0,0
1771409101876,10.3573265,0,0
1771409101892,10.318028,0,0
1771409101909,10.260955,0,0
1771409101925,10.279407,0,0
1771409101940,10.26219,0,0
1771409101956,10.205616,0,0
1771409101970,10.321534,0,0
1771409101985,10.243167,0,0
1771409102004,10.280141,0,0
1771409102020,10.260046,0,0
1771409102036,10.224293,0,0
1771409102052,10.260955,0,0
1771409102067,10.262534,0,0
1771409102083,10.301931,0,0
1771409102101,10.220277,0,0
1771409102116,10.2209015,0,0
1771409102133,10.303285,0,0
1771409102147,10.299001,0,0
1771409102165,10.489113,0,0
1771409102181,10.147302,0,0
1771409102196,10.280007,0,0
1771409102213,10.260714,0,0
1771409102228,10.376351,0,0
1771409102245,10.280533,0,0
1771409102261,10.299906,0,0
1771409102277,10.285802,0,0
1771409102292,10.241792,0,0
1771409102307,10.223551,0,0
1771409102323,10.28131,0,0
1771409102341,10.337074,0,0
1771409102356,10.300088,0,0
1771409102373,10.355935,0,0
1771409102389,10.2431,0,0
1771409102404,10.338237,0,0
1771409102421,10.260818,0,0
1771409102437,10.245327,0,0
1771409102453,10.238559,0,0
1771409102469,10.28131,0,0
1771409102482,10.278814,0,0
1771409102500,10.242533,0,0
1771409102516,10.2256775,0,0
1771409102532,10.240594,0,0
1771409102548,10.282784,0,0
1771409102565,10.315586,0,0
1771409102579,10.319703,0,0
1771409102597,10.283489,0,0
1771409102612,10.301137,0,0
1771409102628,10.31708,0,0
1771409102644,10.27955,0,0
1771409102659,10.336279,0,0
1771409102676,10.30251,0,0
1771409102692,10.241054,0,0
1771409102707,10.24045,0,0
1771409102723,10.27955,0,0
1771409102740,10.299315,0,0
1771409102756,10.336343,0,0
1771409102772,10.260046,0,0
1771409102788,10.28088,0,0
1771409102803,10.301777,0,0
1771409102820,10.286623,0,0
1771409102836,10.299769,0,0
1771409102853,10.224436,0,0
1771409102867,10.280644,0,0
1771409102883,10.3019085,0,0
1771409102901,10.282753,0,0
1771409102916,10.3216,0,0
1771409102932,10.241054,0,0
1771409102948,10.315683,0,0
1771409102964,10.261451,0,0
1771409102978,10.283057,0,0
1771409102994,10.241054,0,0
1771409103013,10.335057,0,0
1771409103028,10.316775,0,0
1771409103045,10.240594,0,0
1771409103061,10.282113,0,0
1771409103077,10.280743,0,0
1771409103093,10.318933,0,0
1771409103108,10.241188,0,0
1771409103125,10.261941,0,0
1771409103140,10.258355,0,0
1771409103155,10.298787,0,0
1771409103173,10.225679,0,0
1771409103187,10.222141,0,0
1771409103205,10.300361,0,0
1771409103221,10.261387,0,0
1771409103236,10.265286,0,0
1771409103252,10.259479,0,0
1771409103269,10.299001,0,0
1771409103285,10.336279,0,0
1771409103300,10.283558,0,0
1771409103317,10.319362,0,0
1771409103333,10.262333,0,0
1771409103348,10.2608,0,0
1771409103365,10.239852,0,0
1771409103381,10.242426,0,0
1771409103397,10.242362,0,0
1771409103412,10.201872,0,0
1771409103429,10.416662,0,0
1771409103445,10.302579,0,0
1771409103461,10.303329,0,0
1771409103475,10.183515,0,0
1771409103490,10.29777,0,0
1771409103508,10.242917,0,0
1771409103525,10.379945,0,0
1771409103541,10.30251,0,0
1771409103556,10.29837,0,0
1771409103572,10.222811,0,0
1771409103589,10.283491,0,0
1771409103605,10.336486,0,0
1771409103621,10.283057,0,0
1771409103635,10.299671,0,0
1771409103653,10.304222,0,0
1771409103669,10.320798,0,0
1771409103684,10.260955,0,0
1771409103699,10.260818,0,0
1771409103716,10.281374,0,0
1771409103733,10.283491,0,0
1771409103749,10.280007,0,0
1771409103765,10.265887,0,0
1771409103779,10.277618,0,0
1771409103797,10.222176,0,0
1771409103812,10.281061,0,0
1771409103829,10.262965,0,0
1771409103845,10.241929,0,0
1771409103860,10.24045,0,0
1771409103876,10.244115,0,0
1771409103892,10.265083,0,0
1771409103909,10.301807,0,0
1771409103924,10.280639,0,0
1771409103939,10.27902,0,0
1771409103957,10.221571,0,0
1771409103973,10.283057,0,0
1771409103985,10.320829,0,0
1771409104004,10.282255,0,0
1771409104021,10.224436,0,0
1771409104035,10.220877,0,0
1771409104052,10.223551,0,0
1771409104069,10.242362,0,0
1771409104085,10.318796,0,0
1771409104100,10.301279,0,0
1771409104115,10.222176,0,0
1771409104133,10.263638,0,0
1771409104148,10.263379,0,0
1771409104165,10.3216,0,0
1771409104181,10.280639,0,0
1771409104197,10.262833,0,0
1771409104213,10.262832,0,0
1771409104228,10.284309,0,0
1771409104244,10.281061,0,0
1771409104260,10.258218,0,0
1771409104276,10.261451,0,0
1771409104290,10.224226,0,0
1771409104306,10.242706,0,0
1771409104321,10.396622,0,0
1771409104337,10.260215,0,0
1771409104355,10.222916,0,0
1771409104372,10.240391,0,0
1771409104387,10.224293,0,0
1771409104404,10.30107,0,0
1771409104420,10.283689,0,0
1771409104436,10.2620945,0,0
1771409104452,10.3168,0,0
1771409104468,10.260719,0,0
1771409104482,10.241688,0,0
1771409104499,10.265995,0,0
1771409104517,10.284265,0,0
1771409104532,10.239187,0,0
1771409104549,10.298435,0,0
1771409104564,10.26173,0,0
1771409104581,10.279342,0,0
1771409104596,10.24529,0,0
1771409104611,10.201904,0,0
1771409104630,10.320094,0,0
1771409104644,10.302921,0,0
1771409104661,10.223487,0,0
1771409104676,10.241581,0,0
1771409104693,10.24529,0,0
1771409104709,10.258786,0,0
1771409104725,10.262123,0,0
1771409104741,10.242917,0,0
1771409104757,10.242362,0,0
1771409104773,10.240391,0,0
1771409104789,10.3168,0,0
1771409104805,10.224226,0,0
1771409104821,10.320094,0,0
1771409104835,10.258141,0,0
1771409104852,10.283689,0,0
1771409104868,10.222811,0,0
1771409104884,10.262863,0,0
1771409104900,10.297179,0,0
1771409104916,10.281374,0,0
1771409104934,10.300507,0,0
1771409104949,10.221183,0,0
1771409104963,10.26219,0,0
1771409104978,10.225746,0,0
1771409104993,10.203284,0,0
1771409105012,10.241792,0,0
1771409105028,10.220444,0,0
1771409105045,10.224293,0,0
1771409105059,10.26173,0,0
1771409105077,10.206049,0,0
1771409105093,10.262832,0,0
1771409105109,10.241019,0,0
1771409105125,10.337809,0,0
1771409105140,10.245327,0,0
1771409105158,10.241188,0,0
1771409105172,10.202401,0,0
1771409105188,10.184404,0,0
1771409105204,10.260714,0,0
1771409105220,10.318796,0,0
1771409105236,10.338278,0,0
1771409105253,10.2031145,0,0
1771409105269,10.354989,0,0
1771409105285,10.302321,0,0
1771409105301,10.30107,0,0
1771409105318,10.315623,0,0
1771409105333,10.262123,0,0
1771409105350,10.237703,0,0
1771409105363,10.2249365,0,0
1771409105380,10.299906,0,0
1771409105397,10.2059145,0,0
1771409105413,10.258885,0,0
1771409105429,10.259622,0,0
1771409105445,10.339974,0,0
1771409105460,10.299671,0,0
1771409105476,10.222176,0,0
1771409105490,10.302579,0,0
1771409105509,10.244148,0,0
1771409105525,10.338968,0,0
1771409105540,10.299769,0,0
1771409105556,10.241188,0,0
1771409105573,10.277791,0,0
1771409105589,10.262333,0,0
1771409105605,10.321101,0,0
1771409105619,10.258597,0,0
1771409105637,10.239781,0,0
1771409105653,10.299665,0,0
1771409105670,10.319703,0,0
1771409105684,10.36029,0,0
1771409105701,10.241054,0,0
1771409105717,10.30107,0,0
1771409105731,10.243943,0,0
1771409105747,10.355935,0,0
1771409105763,10.26173,0,0
1771409105781,10.298578,0,0
1771409105797,10.186924,0,0
1771409105813,10.280288,0,0
1771409105829,10.262534,0,0
1771409105844,10.278191,0,0
1771409105860,10.240063,0,0
1771409105877,10.26219,0,0
1771409105892,10.258885,0,0
1771409105909,10.184764,0,0
1771409105925,10.184651,0,0
1771409105940,10.318692,0,0
1771409105957,10.27955,0,0
1771409105972,10.220877,0,0
1771409105986,10.3582,0,0
1771409106004,10.297103,0,0
1771409106019,10.281653,0,0
1771409106037,10.260955,0,0
1771409106052,10.301807,0,0
1771409106069,10.280743,0,0
1771409106084,10.282113,0,0
1771409106101,10.280533,0,0
1771409106117,10.2209015,0,0
1771409106132,10.221571,0,0
1771409106149,10.2839,0,0
1771409106165,10.201657,0,0
1771409106181,10.283491,0,0
1771409106198,10.2615385,0,0
1771409106212,10.323836,0,0
1771409106228,10.263571,0,0
1771409106244,10.241054,0,0
1771409106260,10.278113,0,0
1771409106277,10.205413,0,0
1771409106293,10.185609,0,0
1771409106309,10.339703,0,0
1771409106325,10.262965,0,0
1771409106341,10.259622,0,0
1771409106357,10.239757,0,0
1771409106373,10.281061,0,0
1771409106389,10.24045,0,0
1771409106406,10.263569,0,0
1771409106420,10.242387,0,0
1771409106437,10.299665,0,0
1771409106453,10.2431,0,0
1771409106468,10.222704,0,0
1771409106483,10.29805,0,0
1771409106498,10.259831,0,0
1771409106517,10.260818,0,0
1771409106533,10.323104,0,0
1771409106548,10.261387,0,0
1771409106565,10.279342,0,0
1771409106580,10.301137,0,0
1771409106597,10.224226,0,0
1771409106613,10.222176,0,0
1771409106629,10.279407,0,0
1771409106646,10.322219,0,0
1771409106661,10.261558,0,0
1771409106676,10.26219,0,0
1771409106692,10.261451,0,0
1771409106710,10.297145,0,0
1771409106725,10.18559,0,0
1771409106741,10.261137,0,0
1771409106757,10.182383,0,0
1771409106773,10.241188,0,0
1771409106789,10.222141,0,0
1771409106806,10.261451,0,0
1771409106821,10.3004,0,0
1771409106837,10.302579,0,0
1771409106853,10.2828865,0,0
1771409106868,10.239793,0,0
1771409106885,10.30107,0,0
1771409106901,10.25759,0,0
1771409106916,10.3542595,0,0
1771409106933,10.240594,0,0
1771409106949,10.241188,0,0
1771409106965,10.220687,0,0
1771409106980,10.33568,0,0
1771409106994,10.279973,0,0
1771409107013,10.219947,0,0
1771409107028,10.280141,0,0
1771409107045,10.260818,0,0
1771409107061,10.26173,0,0
1771409107077,10.221183,0,0
1771409107093,10.336906,0,0
1771409107109,10.260818,0,0
1771409107125,10.299665,0,0
1771409107140,10.220877,0,0
1771409107156,10.241019,0,0
1771409107174,10.245422,0,0
1771409107188,10.322399,0,0
1771409107205,10.261451,0,0
1771409107220,10.26008,0,0
1771409107236,10.185501,0,0
1771409107253,10.303552,0,0
1771409107269,10.260955,0,0
1771409107286,10.28088,0,0
1771409107301,10.2588215,0,0
1771409107317,10.258355,0,0
1771409107333,10.318063,0,0
1771409107350,10.281374,0,0
1771409107366,10.242533,0,0
1771409107381,10.202687,0,0
1771409107397,10.318692,0,0
1771409107412,10.279407,0,0
1771409107428,10.266403,0,0
1771409107445,10.243841,0,0
1771409107462,10.260955,0,0
1771409107476,10.263571,0,0
1771409107490,10.283299,0,0
1771409107506,10.240804,0,0
1771409107525,10.2416935,0,0
1771409107540,10.29917,0,0
1771409107557,10.30107,0,0
1771409107573,10.242362,0,0
1771409107589,10.280141,0,0
1771409107605,10.241688,0,0
1771409107621,10.244549,0,0
1771409107638,10.239325,0,0
1771409107652,10.301279,0,0
1771409107669,10.240594,0,0
1771409107685,10.20527,0,0
1771409107701,10.282784,0,0
1771409107718,10.319362,0,0
1771409107731,10.28436,0,0
1771409107746,10.241054,0,0
1771409107762,10.189161,0,0
1771409107779,10.298435,0,0
1771409107797,10.225763,0,0
1771409107814,10.334284,0,0
1771409107829,10.240467,0,0
1771409107845,10.283558,0,0
1771409107861,10.297151,0,0
1771409107877,10.282045,0,0
1771409107893,10.300377,0,0
1771409107911,10.29917,0,0
1771409107924,10.28131,0,0
1771409107940,10.222141,0,0
1771409107957,10.241188,0,0
1771409107973,10.243943,0,0
1771409107986,10.336906,0,0
1771409108002,10.3019085,0,0
1771409108021,10.2059145,0,0
1771409108037,10.222311,0,0
1771409108053,10.299906,0,0
1771409108068,10.259479,0,0
1771409108085,10.241019,0,0
1771409108100,10.1872,0,0
1771409108117,10.32235,0,0
1771409108132,10.222916,0,0
1771409108149,10.258811,0,0
1771409108165,10.298578,0,0
1771409108180,10.204462,0,0
1771409108197,10.260362,0,0
1771409108212,10.259414,0,0
1771409108228,10.284265,0,0
1771409108244,10.222811,0,0
1771409108260,10.107264,0,0
1771409108276,10.185782,0,0
1771409108293,10.340813,0,0
1771409108309,10.298435,0,0
1771409108324,10.24381,0,0
1771409108340,10.280141,0,0
1771409108357,10.280141,0,0
1771409108372,10.283491,0,0
1771409108390,10.180752,0,0
1771409108405,10.299315,0,0
1771409108420,10.261558,0,0
1771409108436,10.261427,0,0
1771409108453,10.241792,0,0
1771409108469,10.239781,0,0
1771409108485,10.280141,0,0
1771409108498,10.263769,0,0
1771409108517,10.322304,0,0
1771409108533,10.2431,0,0
1771409108548,10.297145,0,0
1771409108565,10.221183,0,0
1771409108581,10.337672,0,0
1771409108597,10.206049,0,0
1771409108613,10.281374,0,0
1771409108629,10.186179,0,0
1771409108644,10.282784,0,0
1771409108659,10.260215,0,0
1771409108678,10.318698,0,0
1771409108693,10.242112,0,0
1771409108708,10.222141,0,0
1771409108724,10.221571,0,0
1771409108741,10.205947,0,0
1771409108757,10.319402,0,0
1771409108774,10.317464,0,0
1771409108789,10.241188,0,0
1771409108805,10.24381,0,0
1771409108821,10.241792,0,0
1771409108837,10.302512,0,0
1771409108853,10.29917,0,0
1771409108869,10.319531,0,0
1771409108884,10.260818,0,0
1771409108900,10.285067,0,0
1771409108917,10.33575,0,0
1771409108933,10.239781,0,0
1771409108948,10.241065,0,0
1771409108966,10.186179,0,0
1771409108981,10.261558,0,0
1771409108994,10.239757,0,0
1771409109014,10.319362,0,0
1771409109029,10.239325,0,0
1771409109045,10.303247,0,0
1771409109061,10.283489,0,0
1771409109078,10.29917,0,0
1771409109094,10.299906,0,0
1771409109110,10.259479,0,0
1771409109125,10.28088,0,0
1771409109140,10.242426,0,0
1771409109156,10.258811,0,0
1771409109173,10.282784,0,0
1771409109189,10.303285,0,0
1771409109205,10.282045,0,0
1771409109222,10.279346,0,0
1771409109237,10.260714,0,0
1771409109252,10.298435,0,0
1771409109268,10.226457,0,0
1771409109285,10.201946,0,0
1771409109301,10.27881,0,0
1771409109317,10.259479,0,0
1771409109333,10.26008,0,0
1771409109348,10.282784,0,0
1771409109365,10.282045,0,0
1771409109380,10.259622,0,0
1771409109396,10.241792,0,0
1771409109412,10.282784,0,0
1771409109429,10.263769,0,0
1771409109445,10.320931,0,0
1771409109460,10.241065,0,0
1771409109477,10.276499,0,0
1771409109490,10.239187,0,0
1771409109506,10.29917,0,0
1771409109525,10.262333,0,0
1771409109541,10.2620945,0,0
1771409109556,10.205947,0,0
1771409109574,10.242706,0,0
1771409109589,10.280743,0,0
1771409109605,10.279407,0,0
1771409109620,10.224937,0,0
1771409109637,10.204526,0,0
1771409109653,10.221716,0,0
1771409109670,10.260719,0,0
1771409109684,10.279346,0,0
1771409109700,10.262965,0,0
1771409109717,10.282455,0,0
1771409109733,10.204462,0,0
1771409109749,10.225746,0,0
1771409109765,10.320161,0,0
1771409109780,10.24045,0,0
1771409109796,10.320161,0,0
1771409109813,10.242426,0,0
1771409109829,10.263137,0,0
1771409109845,10.242533,0,0
1771409109861,10.262832,0,0
1771409109877,10.241054,0,0
1771409109892,10.322304,0,0
1771409109908,10.240385,0,0
1771409109925,10.242362,0,0
1771409109941,10.29917,0,0
1771409109956,10.24381,0,0
1771409109973,10.241792,0,0
1771409109987,10.302079,0,0
1771409110002,10.318796,0,0
1771409110021,10.185436,0,0
1771409110037,10.316874,0,0
1771409110052,10.263638,0,0
1771409110069,10.223053,0,0
1771409110085,10.222704,0,0
1771409110101,10.262833,0,0
1771409110118,10.262534,0,0
1771409110132,10.261137,0,0
1771409110148,10.241019,0,0
1771409110164,10.317399,0,0
1771409110181,10.262333,0,0
1771409110197,10.258885,0,0
1771409110213,10.264392,0,0
1771409110229,10.321534,0,0
1771409110244,10.27955,0,0
1771409110261,10.338237,0,0
1771409110277,10.298435,0,0
1771409110293,10.299769,0,0
1771409110308,10.24381,0,0
1771409110324,10.222176,0,0
1771409110341,10.240309,0,0
1771409110357,10.244359,0,0
1771409110373,10.224748,0,0
1771409110389,10.322422,0,0
1771409110404,10.243142,0,0
1771409110421,10.281653,0,0
1771409110436,10.262123,0,0
1771409110452,10.263638,0,0
1771409110470,10.26008,0,0
1771409110485,10.239325,0,0
1771409110498,10.221183,0,0
1771409110517,10.222311,0,0
1771409110534,10.339671,0,0
1771409110549,10.240804,0,0
1771409110562,10.299671,0,0
1771409110579,10.262333,0,0
1771409110598,10.2828865,0,0
1771409110612,10.319531,0,0
1771409110627,10.2576275,0,0
1771409110641,10.245373,0,0
1771409110658,10.282455,0,0
1771409110674,10.1868925,0,0
1771409110691,10.25759,0,0
1771409110708,10.278814,0,0
1771409110722,10.244617,0,0
1771409110739,10.280639,0,0
1771409110754,10.2031145,0,0
1771409110770,10.242426,0,0
1771409110788,10.226727,0,0
1771409110805,10.31708,0,0
1771409110820,10.317399,0,0
1771409110836,10.25706,0,0
1771409110854,10.242533,0,0
1771409110870,10.280639,0,0
1771409110885,10.222816,0,0
1771409110901,10.241581,0,0
1771409110918,10.26008,0,0
1771409110933,10.242362,0,0
1771409110949,10.262333,0,0
1771409110964,10.259479,0,0
1771409110981,10.222811,0,0
1771409110994,10.334284,0,0
1771409111010,10.261387,0,0
1771409111029,10.3019085,0,0
1771409111046,10.204634,0,0
1771409111062,10.240385,0,0
1771409111078,10.279265,0,0
1771409111094,10.262965,0,0
1771409111109,10.297145,0,0
1771409111125,10.222811,0,0
1771409111140,10.296369,0,0
1771409111157,10.264309,0,0
1771409111174,10.3019085,0,0
1771409111189,10.203785,0,0
1771409111205,10.298295,0,0
1771409111219,10.2581835,0,0
1771409111235,10.223528,0,0
1771409111252,10.163962,0,0
1771409111269,10.359427,0,0
1771409111284,10.319362,0,0
1771409111300,10.262333,0,0
1771409111317,10.245373,0,0
1771409111333,10.25759,0,0
1771409111350,10.201275,0,0
1771409111364,10.281481,0,0
1771409111381,10.2644415,0,0
1771409111398,10.318933,0,0
1771409111413,10.299769,0,0
1771409111429,10.201946,0,0
1771409111445,10.238559,0,0
1771409111461,10.26173,0,0
1771409111478,10.301042,0,0
1771409111491,10.299001,0,0
1771409111506,10.259479,0,0
1771409111526,10.26219,0,0
1771409111540,10.26219,0,0
1771409111557,10.242403,0,0
1771409111573,10.260046,0,0
1771409111590,10.258885,0,0
1771409111606,10.280743,0,0
1771409111621,10.224969,0,0
1771409111636,10.338301,0,0
1771409111654,10.299665,0,0
1771409111668,10.337672,0,0
1771409111685,10.261137,0,0
1771409111700,10.243841,0,0
1771409111717,10.261558,0,0
1771409111734,10.282113,0,0
1771409111749,10.204807,0,0
1771409111765,10.186246,0,0
1771409111781,10.260719,0,0
1771409111797,10.303285,0,0
1771409111813,10.261427,0,0
1771409111829,10.283489,0,0
1771409111845,10.299769,0,0
1771409111861,10.242362,0,0
1771409111877,10.241335,0,0
1771409111892,10.224226,0,0
1771409111908,10.282018,0,0
1771409111925,10.262863,0,0
1771409111941,10.2581835,0,0
1771409111956,10.224226,0,0
1771409111973,10.068353,0,0
1771409111988,10.26008,0,0
1771409112002,10.357603,0,0
1771409112020,10.299157,0,0
1771409112036,10.164576,0,0
1771409112053,10.240804,0,0
1771409112069,10.280639,0,0
1771409112085,10.318342,0,0
1771409112101,10.206049,0,0
1771409112116,10.278071,0,0
1771409112132,10.280288,0,0
1771409112148,10.304928,0,0
1771409112165,10.319531,0,0
1771409112180,10.282045,0,0
1771409112197,10.323154,0,0
1771409112213,10.262863,0,0
1771409112229,10.221183,0,0
1771409112245,10.187637,0,0
1771409112261,10.279758,0,0
1771409112276,10.242387,0,0
1771409112293,10.167305,0,0
1771409112310,10.263571,0,0
1771409112325,10.29917,0,0
1771409112342,10.262123,0,0
1771409112358,10.30271,0,0
1771409112372,10.2416935,0,0
1771409112388,10.241792,0,0
1771409112405,10.278814,0,0
1771409112421,10.245327,0,0
1771409112437,10.27874,0,0
1771409112452,10.222916,0,0
1771409112467,10.222141,0,0
1771409112483,10.241019,0,0
1771409112498,10.318196,0,0
1771409112516,10.299035,0,0
1771409112532,10.280019,0,0
1771409112547,10.318196,0,0
1771409112565,10.31708,0,0
1771409112580,10.284227,0,0
1771409112597,10.318063,0,0
1771409112613,10.297222,0,0
1771409112630,10.297844,0,0
1771409112645,10.357413,0,0
1771409112661,10.18639,0,0
1771409112677,10.281653,0,0
1771409112694,10.241688,0,0
1771409112709,10.280007,0,0
1771409112725,10.320829,0,0
1771409112742,10.242362,0,0
1771409112757,10.280141,0,0
1771409112773,10.26173,0,0
1771409112790,10.282455,0,0
1771409112806,10.224969,0,0
1771409112821,10.316211,0,0
1771409112837,10.222458,0,0
1771409112853,10.261451,0,0
1771409112869,10.301137,0,0
1771409112885,10.241019,0,0
1771409112901,10.259495,0,0
1771409112917,10.24045,0,0
1771409112933,10.259479,0,0
1771409112949,10.316874,0,0
1771409112965,10.27955,0,0
1771409112980,10.260818,0,0
1771409112995,10.2209015,0,0
1771409113011,10.208246,0,0
1771409113029,10.301042,0,0
1771409113045,10.318933,0,0
1771409113060,10.205616,0,0
1771409113078,10.238555,0,0
1771409113094,10.282255,0,0
1771409113110,10.259622,0,0
1771409113125,10.335754,0,0
1771409113141,10.261387,0,0
1771409113157,10.2249365,0,0
1771409113172,10.224293,0,0
1771409113189,10.282113,0,0
1771409113205,10.244617,0,0
1771409113221,10.282784,0,0
1771409113236,10.284227,0,0
1771409113253,10.242426,0,0
1771409113269,10.281481,0,0
1771409113285,10.280533,0,0
1771409113299,10.300336,0,0
1771409113316,10.281351,0,0
1771409113332,10.240385,0,0
1771409113349,10.282753,0,0
1771409113365,10.338278,0,0
1771409113382,10.298435,0,0
1771409113396,10.242362,0,0
1771409113413,10.240594,0,0
1771409113430,10.280743,0,0
1771409113446,10.277335,0,0
1771409113460,10.261558,0,0
1771409113477,10.223487,0,0
1771409113493,10.26219,0,0
1771409113506,10.278285,0,0
1771409113525,10.301807,0,0
1771409113541,10.241054,0,0
1771409113558,10.2074,0,0
1771409113573,10.262965,0,0
1771409113589,10.2209015,0,0
1771409113606,10.301137,0,0
1771409113622,10.165883,0,0
1771409113637,10.279407,0,0
1771409113653,10.280007,0,0
1771409113670,10.316347,0,0
1771409113684,10.278814,0,0
1771409113701,10.236476,0,0
1771409113717,10.167373,0,0
1771409113734,10.241929,0,0
1771409113750,10.261451,0,0
1771409113765,10.280007,0,0
1771409113782,10.2594185,0,0
1771409113798,10.259414,0,0
1771409113813,10.241929,0,0
1771409113830,10.243072,0,0
1771409113846,10.282018,0,0
1771409113861,10.30251,0,0
1771409113878,10.320136,0,0
1771409113894,10.26219,0,0
1771409113910,10.223053,0,0
1771409113925,10.222916,0,0
1771409113942,10.260955,0,0
1771409113958,10.27874,0,0
1771409113974,10.239187,0,0
1771409113990,10.2416935,0,0
1771409114002,10.226419,0,0
1771409114019,10.278285,0,0
1771409114037,10.239159,0,0
1771409114054,10.224197,0,0
1771409114070,10.299315,0,0
1771409114086,10.241054,0,0
1771409114101,10.295431,0,0
1771409114118,10.222141,0,0
1771409114135,10.338968,0,0
1771409114150,10.166626,0,0
1771409114166,10.201946,0,0
1771409114182,10.222811,0,0
1771409114198,10.338407,0,0
1771409114213,10.279758,0,0
1771409114229,10.262863,0,0
1771409114244,10.24045,0,0
1771409114261,10.223487,0,0
1771409114278,10.281374,0,0
1771409114294,10.18838,0,0
1771409114310,10.301279,0,0
1771409114326,10.257025,0,0
1771409114342,10.261558,0,0
1771409114357,10.33901,0,0
1771409114374,10.297179,0,0
1771409114388,10.297844,0,0
1771409114404,10.281374,0,0
1771409114421,10.183515,0,0
1771409114436,10.258811,0,0
1771409114453,10.260714,0,0
1771409114469,10.282753,0,0
1771409114485,10.30107,0,0
1771409114498,10.25786,0,0
1771409114514,10.2416935,0,0
1771409114533,10.241688,0,0
1771409114550,10.260818,0,0
1771409114565,10.241335,0,0
1771409114581,10.282908,0,0
1771409114596,10.242403,0,0
1771409114614,10.299906,0,0
1771409114629,10.2575865,0,0
1771409114646,10.18221,0,0
1771409114660,10.317607,0,0
1771409114678,10.259622,0,0
1771409114693,10.206222,0,0
1771409114709,10.183515,0,0
1771409114726,10.317399,0,0
1771409114742,10.336906,0,0
1771409114758,10.186593,0,0
1771409114774,10.203785,0,0
1771409114790,10.236866,0,0
1771409114806,10.279342,0,0
1771409114821,10.320161,0,0
1771409114838,10.25786,0,0
1771409114854,10.239781,0,0
1771409114869,10.24331,0,0
1771409114886,10.297844,0,0
1771409114902,10.262833,0,0
1771409114916,10.222916,0,0
1771409114933,10.24331,0,0
1771409114950,10.219144,0,0
1771409114965,10.224436,0,0
1771409114982,10.318196,0,0
1771409114997,10.281481,0,0
1771409115011,10.29528,0,0
1771409115028,10.2209015,0,0
1771409115044,10.203678,0,0
1771409115060,10.224226,0,0
1771409115077,10.316211,0,0
1771409115093,10.259091,0,0
1771409115109,10.222458,0,0
1771409115126,10.259414,0,0
1771409115141,10.2828865,0,0
1771409115158,10.284265,0,0
1771409115173,10.241688,0,0
1771409115189,10.261558,0,0
1771409115205,10.320798,0,0
1771409115221,10.237532,0,0
1771409115237,10.260818,0,0
1771409115253,10.203149,0,0
1771409115269,10.258885,0,0
1771409115285,10.300088,0,0
1771409115302,10.280141,0,0
1771409115318,10.319362,0,0
1771409115333,10.280288,0,0
1771409115350,10.299315,0,0
1771409115365,10.26219,0,0
1771409115382,10.223487,0,0
1771409115397,10.280007,0,0
1771409115412,10.319386,0,0
1771409115430,10.242112,0,0
1771409115445,10.318028,0,0
1771409115461,10.297844,0,0
1771409115477,10.239856,0,0
1771409115493,10.201246,0,0
1771409115507,10.299906,0,0
1771409115525,10.222187,0,0
1771409115542,10.297558,0,0
1771409115557,10.258811,0,0
1771409115572,10.318698,0,0
1771409115589,10.259622,0,0
1771409115606,10.277791,0,0
1771409115621,10.261451,0,0
1771409115637,10.282255,0,0
1771409115654,10.282045,0,0
1771409115670,10.299035,0,0
1771409115685,10.241054,0,0
1771409115701,10.221571,0,0
1771409115718,10.300336,0,0
1771409115734,10.279346,0,0
1771409115749,10.300507,0,0
1771409115766,10.283489,0,0
1771409115782,10.258885,0,0
1771409115797,10.338301,0,0
1771409115814,10.257688,0,0
1771409115830,10.241188,0,0
1771409115846,10.27955,0,0
1771409115862,10.281653,0,0
1771409115877,10.27955,0,0
1771409115894,10.281061,0,0
1771409115909,10.299035,0,0
1771409115925,10.285001,0,0
1771409115942,10.301777,0,0
1771409115957,10.278148,0,0
1771409115973,10.242112,0,0
1771409115989,10.281374,0,0
1771409116003,10.207071,0,0
1771409116019,10.296158,0,0
1771409116037,10.279758,0,0
1771409116053,10.319913,0,0
1771409116069,10.338301,0,0
1771409116085,10.26219,0,0
1771409116102,10.259337,0,0
1771409116118,10.203873,0,0
1771409116134,10.258218,0,0
1771409116149,10.222176,0,0
1771409116165,10.299665,0,0
1771409116181,10.24381,0,0
1771409116197,10.280141,0,0
1771409116213,10.241581,0,0
1771409116230,10.263638,0,0
1771409116245,10.338301,0,0
1771409116260,10.206726,0,0
1771409116277,10.298376,0,0
1771409116294,10.336941,0,0
1771409116310,10.299906,0,0
1771409116325,10.282113,0,0
1771409116342,10.205174,0,0
1771409116358,10.280644,0,0
1771409116373,10.241054,0,0
1771409116388,10.244359,0,0
1771409116406,10.283491,0,0
1771409116422,10.26008,0,0
1771409116438,10.239325,0,0
1771409116455,10.224226,0,0
1771409116469,10.299769,0,0
1771409116485,10.26219,0,0
1771409116500,10.278814,0,0
1771409116515,10.221571,0,0
1771409116534,10.29805,0,0
1771409116550,10.285048,0,0
1771409116566,10.260046,0,0
1771409116582,10.224969,0,0
1771409116597,10.260046,0,0
1771409116613,10.219773,0,0
1771409116630,10.281374,0,0
1771409116645,10.299769,0,0
1771409116662,10.241688,0,0
1771409116678,10.222811,0,0
1771409116694,10.242426,0,0
1771409116709,10.30251,0,0
1771409116725,10.260215,0,0
1771409116742,10.184087,0,0
1771409116758,10.262863,0,0
1771409116773,10.300336,0,0
1771409116790,10.283558,0,0
1771409116806,10.282784,0,0
1771409116822,10.261387,0,0
1771409116837,10.319531,0,0
1771409116854,10.224436,0,0
1771409116870,10.31708,0,0
1771409116886,10.239781,0,0
1771409116902,10.224436,0,0
1771409116918,10.299035,0,0
1771409116933,10.3004,0,0
1771409116949,10.282018,0,0
1771409116966,10.260714,0,0
1771409116981,10.241054,0,0
1771409116999,10.222811,0,0
1771409117013,10.29837,0,0
1771409117026,10.282113,0,0
1771409117043,10.221571,0,0
1771409117060,10.282113,0,0
1771409117076,10.241054,0,0
1771409117092,10.283558,0,0
1771409117109,10.282784,0,0
1771409117125,10.26008,0,0
1771409117141,10.224436,0,0
1771409117158,10.2416935,0,0
1771409117174,10.281061,0,0
1771409117189,10.260714,0,0
1771409117205,10.223551,0,0
1771409117221,10.278285,0,0
1771409117237,10.305662,0,0
1771409117254,10.297179,0,0
1771409117270,10.282045,0,0
1771409117286,10.303247,0,0
1771409117301,10.224436,0,0
1771409117317,10.282753,0,0
1771409117334,10.282255,0,0
1771409117350,10.282255,0,0
1771409117366,10.243811,0,0
1771409117381,10.221716,0,0
1771409117398,10.264309,0,0
1771409117413,10.29917,0,0
1771409117430,10.299769,0,0
1771409117446,10.241688,0,0
1771409117461,10.260046,0,0
1771409117477,10.338968,0,0
1771409117494,10.283558,0,0
1771409117507,10.223831,0,0
1771409117523,10.240385,0,0
1771409117542,10.26173,0,0
1771409117557,10.261387,0,0
1771409117573,10.261451,0,0
1771409117590,10.220976,0,0
1771409117605,10.259337,0,0
1771409117621,10.239781,0,0
1771409117636,10.282045,0,0
1771409117654,10.241054,0,0
1771409117670,10.259479,0,0
1771409117684,10.317816,0,0
1771409117701,10.318342,0,0
1771409117717,10.282045,0,0
1771409117734,10.297844,0,0
1771409117749,10.224464,0,0
1771409117765,10.262123,0,0
1771409117781,10.28088,0,0
1771409117797,10.224969,0,0
1771409117814,10.220687,0,0
1771409117830,10.262534,0,0
1771409117846,10.319114,0,0
1771409117861,10.335057,0,0
1771409117877,10.239757,0,0
1771409117893,10.319425,0,0
1771409117910,10.280007,0,0
1771409117925,10.339035,0,0
1771409117942,10.279758,0,0
1771409117957,10.243072,0,0
1771409117973,10.260955,0,0
1771409117989,10.302321,0,0
1771409118004,10.337569,0,0
1771409118018,10.280743,0,0
1771409118036,10.280533,0,0
1771409118054,10.223659,0,0
1771409118069,10.264346,0,0
1771409118083,10.280644,0,0
1771409118101,10.223487,0,0
1771409118117,10.26219,0,0
1771409118135,10.260818,0,0
1771409118149,10.18639,0,0
1771409118166,10.206726,0,0
1771409118182,10.26426,0,0
1771409118197,10.244749,0,0
1771409118213,10.263137,0,0
1771409118230,10.322268,0,0
1771409118246,10.24331,0,0
1771409118262,10.277521,0,0
1771409118277,10.223551,0,0
1771409118294,10.33568,0,0
1771409118310,10.2828865,0,0
1771409118326,10.243072,0,0
1771409118342,10.240391,0,0
1771409118358,10.219672,0,0
1771409118373,10.318586,0,0
1771409118390,10.224436,0,0
1771409118406,10.260215,0,0
1771409118421,10.280019,0,0
1771409118437,10.224969,0,0
1771409118452,10.260719,0,0
1771409118469,10.281481,0,0
1771409118485,10.241792,0,0
1771409118502,10.258811,0,0
1771409118514,10.239325,0,0
1771409118535,10.282255,0,0
1771409118550,10.227263,0,0
1771409118566,10.26219,0,0
1771409118582,10.225763,0,0
1771409118598,10.205203,0,0
1771409118613,10.374997,0,0
1771409118628,10.278285,0,0
1771409118645,10.223528,0,0
1771409118662,10.278814,0,0
1771409118677,10.185609,0,0
1771409118690,10.297151,0,0
1771409118709,10.282113,0,0
1771409118725,10.260714,0,0
1771409118741,10.241775,0,0
1771409118758,10.224197,0,0
1771409118773,10.3019085,0,0
1771409118790,10.260955,0,0
1771409118805,10.260215,0,0
1771409118821,10.282113,0,0
1771409118838,10.241054,0,0
1771409118853,10.222916,0,0
1771409118869,10.321731,0,0
1771409118885,10.338237,0,0
1771409118902,10.239856,0,0
1771409118918,10.124403,0,0
1771409118930,10.203431,0,0
1771409118949,10.3004,0,0
1771409118966,10.279407,0,0
1771409118982,10.183659,0,0
1771409118997,10.260362,0,0
1771409119010,10.2209015,0,0
1771409119026,10.280639,0,0
1771409119046,10.26219,0,0
1771409119062,10.260215,0,0
1771409119078,10.243167,0,0
1771409119092,10.262333,0,0
1771409119109,10.262832,0,0
1771409119125,10.316182,0,0
1771409119141,10.241054,0,0
1771409119158,10.240467,0,0
1771409119173,10.261427,0,0
1771409119190,10.280141,0,0
1771409119205,10.260215,0,0
1771409119222,10.201946,0,0
1771409119237,10.26219,0,0
1771409119254,10.318196,0,0
1771409119270,10.240804,0,0
1771409119287,10.261387,0,0
1771409119301,10.239153,0,0
1771409119318,10.27955,0,0
1771409119333,10.279407,0,0
1771409119350,10.3019085,0,0
1771409119365,10.224293,0,0
1771409119381,10.199614,0,0
1771409119397,10.240385,0,0
1771409119414,10.301137,0,0
1771409119429,10.223053,0,0
1771409119446,10.317405,0,0
1771409119461,10.201946,0,0
1771409119476,10.318933,0,0
1771409119493,10.223053,0,0
1771409119507,10.282255,0,0
1771409119522,10.314434,0,0
1771409119541,10.243167,0,0
1771409119557,10.241019,0,0
1771409119574,10.2431,0,0
1771409119590,10.222176,0,0
1771409119605,10.241054,0,0
1771409119621,10.28088,0,0
1771409119638,10.260818,0,0
1771409119653,10.280639,0,0
1771409119670,10.204028,0,0
1771409119684,10.260818,0,0
1771409119702,10.241019,0,0
1771409119718,10.2608,0,0
1771409119734,10.243167,0,0
1771409119749,10.319735,0,0
1771409119765,10.285001,0,0
1771409119781,10.222176,0,0
1771409119798,10.2431,0,0
1771409119813,10.222458,0,0
1771409119830,10.277618,0,0
1771409119844,10.24381,0,0
1771409119862,10.282113,0,0
1771409119878,10.282113,0,0
1771409119893,10.240594,0,0
1771409119909,10.320161,0,0
1771409119926,10.258189,0,0
1771409119941,10.244749,0,0
1771409119958,10.260492,0,0
1771409119973,10.2644415,0,0
1771409119988,10.261427,0,0
1771409120006,10.301777,0,0
1771409120018,10.260113,0,0
1771409120036,10.319913,0,0
1771409120054,10.262165,0,0
1771409120069,10.221588,0,0
1771409120086,10.299315,0,0
1771409120101,10.303552,0,0
1771409120116,10.20527,0,0
1771409120132,10.336279,0,0
1771409120149,10.258811,0,0
1771409120165,10.279342,0,0
1771409120181,10.282784,0,0
1771409120198,10.298578,0,0
1771409120214,10.30251,0,0
1771409120229,10.202154,0,0
1771409120245,10.280644,0,0
1771409120260,10.300678,0,0
1771409120277,10.29777,0,0
1771409120292,10.285067,0,0
1771409120310,10.299671,0,0
1771409120325,10.338407,0,0
1771409120342,10.2828865,0,0
1771409120357,10.280007,0,0
1771409120374,10.244617,0,0
1771409120388,10.28088,0,0
1771409120405,10.299906,0,0
1771409120422,10.298435,0,0
1771409120437,10.239757,0,0
1771409120453,10.225679,0,0
1771409120469,10.242426,0,0
1771409120485,10.204634,0,0
1771409120500,10.27955,0,0
1771409120514,10.27874,0,0
1771409120532,10.222141,0,0
1771409120548,10.225071,0,0
1771409120564,10.319703,0,0
1771409120581,10.279407,0,0
1771409120597,10.244551,0,0
1771409120613,10.186246,0,0
1771409120628,10.257688,0,0
1771409120645,10.260113,0,0
1771409120662,10.318796,0,0
1771409120677,10.203785,0,0
1771409120693,10.261558,0,0
1771409120710,10.241929,0,0
1771409120725,10.299315,0,0
1771409120741,10.285067,0,0
1771409120756,10.20389,0,0
1771409120773,10.200682,0,0
1771409120789,10.241335,0,0
1771409120805,10.167373,0,0
1771409120821,10.299665,0,0
1771409120837,10.243234,0,0
1771409120853,10.220877,0,0
1771409120869,10.239781,0,0
1771409120885,10.241688,0,0
1771409120901,10.243943,0,0
1771409120917,10.338301,0,0
1771409120933,10.221571,0,0
1771409120949,10.279407,0,0
1771409120965,10.24045,0,0
1771409120981,10.282753,0,0
1771409120997,10.222176,0,0
1771409121011,10.183659,0,0
1771409121026,10.20389,0,0
1771409121045,10.300336,0,0
1771409121061,10.280007,0,0
1771409121077,10.280007,0,0
1771409121093,10.243167,0,0
1771409121109,10.240385,0,0
1771409121125,10.28088,0,0
1771409121140,10.282784,0,0
1771409121156,10.219803,0,0
1771409121173,10.238188,0,0
1771409121189,10.283575,0,0
1771409121204,10.303199,0,0
1771409121221,10.319531,0,0
1771409121237,10.281481,0,0
1771409121253,10.241019,0,0
1771409121269,10.260046,0,0
1771409121285,10.32482,0,0
1771409121301,10.356699,0,0
1771409121317,10.185436,0,0
1771409121333,10.20527,0,0
1771409121349,10.280007,0,0
1771409121365,10.209096,0,0
1771409121382,10.320931,0,0
1771409121397,10.241792,0,0
1771409121412,10.2615385,0,0
1771409121429,10.30107,0,0
1771409121446,10.301807,0,0
1771409121461,10.33894,0,0
1771409121477,10.185501,0,0
1771409121492,10.261451,0,0
1771409121509,10.260818,0,0
1771409121522,10.282784,0,0
1771409121540,10.241792,0,0
1771409121556,10.260215,0,0
1771409121573,10.282754,0,0
1771409121588,10.246132,0,0
1771409121604,10.280141,0,0
1771409121621,10.317464,0,0
1771409121636,10.299665,0,0
1771409121653,10.203791,0,0
1771409121670,10.243841,0,0
1771409121684,10.299906,0,0
1771409121700,10.282113,0,0
1771409121716,10.282784,0,0
1771409121733,10.258811,0,0
1771409121749,10.260719,0,0
1771409121764,10.26219,0,0
1771409121782,10.281481,0,0
1771409121797,10.238028,0,0
1771409121812,10.222311,0,0
1771409121829,10.281864,0,0
1771409121845,10.222916,0,0
1771409121860,10.225071,0,0
1771409121877,10.239793,0,0
1771409121893,10.185782,0,0
1771409121909,10.318796,0,0
1771409121925,10.222141,0,0
1771409121940,10.259479,0,0
1771409121957,10.260719,0,0
1771409121973,10.261137,0,0
1771409121988,10.282255,0,0
1771409122005,10.29805,0,0
1771409122018,10.241188,0,0
1771409122036,10.281061,0,0
1771409122053,10.259622,0,0
1771409122069,10.185782,0,0
1771409122085,10.204028,0,0
1771409122101,10.260955,0,0
1771409122116,10.258141,0,0
1771409122133,10.278071,0,0
1771409122148,10.261387,0,0
1771409122164,10.246114,0,0
1771409122180,10.297558,0,0
1771409122196,10.262832,0,0
1771409122212,10.221571,0,0
1771409122228,10.299906,0,0
1771409122245,10.28436,0,0
1771409122262,10.300507,0,0
1771409122277,10.222458,0,0
1771409122292,10.282045,0,0
1771409122308,10.321343,0,0
1771409122325,10.259622,0,0
1771409122342,10.260714,0,0
1771409122357,10.221571,0,0
1771409122372,10.280644,0,0
1771409122388,10.2074375,0,0
1771409122405,10.223659,0,0
1771409122420,10.224197,0,0
1771409122437,10.207534,0,0
1771409122453,10.261451,0,0
1771409122470,10.203284,0,0
1771409122486,10.335092,0,0
1771409122500,10.185609,0,0
1771409122514,10.257738,0,0
1771409122530,10.319703,0,0
1771409122548,10.258881,0,0
1771409122565,10.279758,0,0
1771409122581,10.26008,0,0
1771409122596,10.27955,0,0
1771409122613,10.242533,0,0
1771409122628,10.30107,0,0
1771409122645,10.282753,0,0
1771409122661,10.300336,0,0
1771409122676,10.335754,0,0
1771409122692,10.184759,0,0
1771409122709,10.35649,0,0
1771409122724,10.299001,0,0
1771409122741,10.357263,0,0
1771409122756,10.300678,0,0
1771409122774,10.281481,0,0
1771409122790,10.242426,0,0
1771409122805,10.29805,0,0
1771409122820,10.303402,0,0
1771409122837,10.260215,0,0
1771409122853,10.282113,0,0
1771409122869,10.266732,0,0
1771409122887,10.28088,0,0
1771409122901,10.202543,0,0
1771409122916,10.260215,0,0
1771409122932,10.3216,0,0
1771409122949,10.281374,0,0
1771409122965,10.302579,0,0
1771409122981,10.31708,0,0
1771409122998,10.200742,0,0
1771409123012,10.259479,0,0
1771409123026,10.262534,0,0
1771409123044,10.299671,0,0
1771409123060,10.2031145,0,0
1771409123077,10.238028,0,0
1771409123093,10.280288,0,0
1771409123108,10.241335,0,0
1771409123125,10.318074,0,0
1771409123141,10.2280035,0,0
1771409123155,10.2006445,0,0
1771409123172,10.487868,0,0
1771409123189,10.337074,0,0
1771409123204,10.318028,0,0
1771409123221,10.145896,0,0
1771409123237,10.301137,0,0
1771409123252,10.304104,0,0
1771409123269,10.338407,0,0
1771409123285,10.220305,0,0
1771409123302,10.24331,0,0
1771409123317,10.223487,0,0
1771409123333,10.263137,0,0
1771409123348,10.340405,0,0
1771409123364,10.318933,0,0
1771409123381,10.28131,0,0
1771409123396,10.222811,0,0
1771409123413,10.318796,0,0
1771409123428,10.260046,0,0
1771409123445,10.245327,0,0
1771409123460,10.3573265,0,0
1771409123476,10.30107,0,0
1771409123492,10.261558,0,0
1771409123508,10.281335,0,0
1771409123522,10.266168,0,0
1771409123542,10.2807255,0,0
1771409123557,10.3004,0,0
1771409123573,10.262786,0,0
1771409123589,10.29777,0,0
1771409123605,10.260719,0,0
1771409123621,10.244617,0,0
1771409123636,10.32482,0,0
1771409123652,10.241688,0,0
1771409123669,10.201246,0,0
1771409123685,10.27955,0,0
1771409123700,10.282113,0,0
1771409123717,10.264614,0,0
1771409123733,10.29777,0,0
1771409123749,10.202477,0,0
1771409123765,10.260362,0,0
1771409123781,10.285802,0,0
1771409123797,10.225243,0,0
1771409123813,10.245327,0,0
1771409123829,10.203431,0,0
1771409123845,10.259622,0,0
1771409123861,10.262863,0,0
1771409123876,10.396622,0,0
1771409123893,10.259479,0,0
1771409123909,10.282113,0,0
1771409123925,10.222916,0,0
1771409123941,10.261387,0,0
1771409123957,10.265995,0,0
1771409123972,10.282113,0,0
1771409123989,10.280644,0,0
1771409124005,10.207534,0,0
1771409124018,10.280007,0,0
1771409124034,10.242362,0,0
1771409124052,10.336343,0,0
1771409124069,10.24045,0,0
1771409124084,10.30482,0,0
1771409124100,10.243072,0,0
1771409124117,10.261411,0,0
1771409124133,10.2431,0,0
1771409124149,10.202154,0,0
1771409124165,10.282753,0,0
1771409124179,10.242706,0,0
1771409124196,10.280639,0,0
1771409124212,10.1834545,0,0
1771409124228,10.219144,0,0
1771409124245,10.54971,0,0
1771409124260,10.221716,0,0
1771409124277,10.279584,0,0
1771409124293,10.166603,0,0
1771409124309,10.2576275,0,0
1771409124325,10.262333,0,0
1771409124341,10.264346,0,0
1771409124356,10.299671,0,0
1771409124373,10.183449,0,0
1771409124389,10.295991,0,0
1771409124404,10.183659,0,0
1771409124421,10.342812,0,0
1771409124437,10.1872,0,0
1771409124452,10.295431,0,0
1771409124469,10.199013,0,0
1771409124485,10.320798,0,0
1771409124501,10.26219,0,0
1771409124516,10.241335,0,0
1771409124530,10.224969,0,0
1771409124549,10.261451,0,0
1771409124565,10.243167,0,0
1771409124580,10.262965,0,0
1771409124597,10.243167,0,0
1771409124612,10.260818,0,0
1771409124628,10.299035,0,0
1771409124644,10.241054,0,0
1771409124660,10.220972,0,0
1771409124677,10.243966,0,0
1771409124693,10.280644,0,0
1771409124709,10.260714,0,0
1771409124725,10.241335,0,0
1771409124741,10.224892,0,0
1771409124757,10.261427,0,0
1771409124772,10.262123,0,0
1771409124789,10.202898,0,0
1771409124805,10.280639,0,0
1771409124821,10.259831,0,0
1771409124837,10.242706,0,0
1771409124853,10.260215,0,0
1771409124869,10.203284,0,0
1771409124884,10.319703,0,0
1771409124900,10.260203,0,0
1771409124917,10.221571,0,0
1771409124932,10.280639,0,0
1771409124949,10.241085,0,0
1771409124965,10.319425,0,0
1771409124981,10.285203,0,0
1771409124997,10.29777,0,0
1771409125013,10.295431,0,0
1771409125026,10.223551,0,0
1771409125044,10.281864,0,0
1771409125060,10.280288,0,0
1771409125077,10.258885,0,0
1771409125093,10.219672,0,0
1771409125109,10.339703,0,0
1771409125125,10.299906,0,0
1771409125140,10.30338,0,0
1771409125157,10.258786,0,0
1771409125172,10.280743,0,0
1771409125189,10.260818,0,0
1771409125203,10.318796,0,0
1771409125220,10.337809,0,0
1771409125237,10.203431,0,0
1771409125252,10.224293,0,0
1771409125269,10.221512,0,0
1771409125285,10.279407,0,0
1771409125301,10.243841,0,0
1771409125318,10.301042,0,0
1771409125333,10.220305,0,0
1771409125349,10.280743,0,0
1771409125365,10.281653,0,0
1771409125381,10.303552,0,0
1771409125398,10.29917,0,0
1771409125412,10.240594,0,0
1771409125429,10.238829,0,0
1771409125445,10.320829,0,0
1771409125461,10.222916,0,0
1771409125477,10.259091,0,0
1771409125493,10.283558,0,0
1771409125510,10.261558,0,0
1771409125522,10.223831,0,0
1771409125538,10.203284,0,0
1771409125557,10.299769,0,0
1771409125571,10.260719,0,0
1771409125588,10.282255,0,0
1771409125604,10.238656,0,0
1771409125621,10.297844,0,0
1771409125636,10.182853,0,0
1771409125653,10.241054,0,0
1771409125669,10.280141,0,0
1771409125684,10.239153,0,0
1771409125701,10.200793,0,0
1771409125717,10.240391,0,0
1771409125734,10.299769,0,0
1771409125749,10.241335,0,0
1771409125765,10.185478,0,0
1771409125781,10.278814,0,0
1771409125797,10.316134,0,0
1771409125813,10.223551,0,0
1771409125829,10.302079,0,0
1771409125845,10.26515,0,0
1771409125861,10.262832,0,0
1771409125876,10.220687,0,0
1771409125892,10.259622,0,0
1771409125909,10.260955,0,0
1771409125925,10.2416935,0,0
1771409125940,10.243167,0,0
1771409125958,10.282255,0,0
1771409125973,10.240391,0,0
1771409125988,10.260714,0,0
1771409126004,10.280007,0,0
1771409126019,10.262965,0,0
1771409126034,10.282255,0,0
1771409126054,10.276925,0,0
1771409126068,10.3168,0,0
1771409126085,10.318933,0,0
1771409126101,10.29917,0,0
1771409126117,10.281374,0,0
1771409126132,10.221571,0,0
1771409126149,10.258786,0,0
1771409126164,10.220271,0,0
1771409126182,10.376351,0,0
1771409126196,10.2256775,0,0
1771409126213,10.260046,0,0
1771409126229,10.241054,0,0
1771409126248,10.240594,0,0
1771409126262,10.224197,0,0
1771409126279,10.201872,0,0
1771409126290,10.260714,0,0
1771409126306,10.219277,0,0
1771409126324,10.277791,0,0
1771409126340,10.261451,0,0
1771409126356,10.280743,0,0
1771409126372,10.278285,0,0
1771409126390,10.201946,0,0
1771409126405,10.299769,0,0
1771409126421,10.222916,0,0
1771409126436,10.279973,0,0
1771409126452,10.260092,0,0
1771409126469,10.278119,0,0
1771409126485,10.262123,0,0
1771409126501,10.319703,0,0
1771409126516,10.168765,0,0
1771409126530,10.259414,0,0
1771409126546,10.280743,0,0
1771409126564,10.248542,0,0
1771409126579,10.279407,0,0
1771409126597,10.223551,0,0
1771409126611,10.239153,0,0
1771409126628,10.262965,0,0
1771409126645,10.319114,0,0
1771409126661,10.185501,0,0
1771409126676,10.299001,0,0
1771409126692,10.280639,0,0
1771409126708,10.278814,0,0
1771409126725,10.302512,0,0
1771409126741,10.282784,0,0
1771409126757,10.204526,0,0
1771409126773,10.320094,0,0
1771409126788,10.318196,0,0
1771409126805,10.259414,0,0
1771409126821,10.238656,0,0
1771409126837,10.26219,0,0
1771409126853,10.24381,0,0
1771409126869,10.338968,0,0
1771409126885,10.239856,0,0
1771409126901,10.336694,0,0
